id,user_id,movie_name_first,movie_name_second,facebook_id_first,facebook_id_second,user_clicked,created_at,why user liked?,source
1,1,Batman: The Dark Knight,Madagascar,12887942787,149800431712088,149800431712088,2014-11-08 22:05:27,,
2,1,The Lion King,Spider-Man 3,12393266550,195972387095667,12393266550,2014-11-08 22:05:27,,
3,1,X-Men: First Class,Sherlock Holmes,150354778334078,84213402434,84213402434,2014-11-08 22:05:27,,
4,1,Avatar,Batman: The Dark Knight,82771544063,12887942787,12887942787,2014-11-08 22:05:27,,
5,1,Titanic,2012,216410885045047,55200621163,216410885045047,2014-11-08 22:05:27,,
6,1,Kung Fu Panda,Official: Fantastic Four,18128947058,811858478866705,18128947058,2014-11-08 22:05:27,,
7,1,Harry Potter and the Deathly Hallows Part 1,The Incredible Hulk,195095360505573,21700332856,195095360505573,2014-11-08 22:05:27,dgdfregeg,
8,1,Madagascar,The Karate Kid,149800431712088,184695207750,149800431712088,2014-11-08 22:05:27,,
9,1,Spider-Man 3,X-Men Origins: Wolverine,195972387095667,112630065418677,112630065418677,2014-11-08 22:05:27,,
10,1,The Karate Kid,Pirates of the Caribbean 3,184695207750,115081758505771,184695207750,2014-11-08 22:05:27,dgdfgdgdfgdfg,
11,1,The Amazing Spider-Man,X-Men: First Class,101198429956076,150354778334078,101198429956076,2014-11-08 22:05:27,,
12,1,Official: Fantastic Four,Fantastic 4,811858478866705,110131885683575,110131885683575,2014-11-08 22:05:27,,
13,1,2012,Avatar,55200621163,82771544063,55200621163,2014-11-08 22:05:27,dgffdfgdfgdfg,
14,1,Shrek,The Lion King,355374000182,12393266550,12393266550,2014-11-08 22:05:27,,
15,1,Fantastic 4,Harry Potter,110131885683575,156794164312,156794164312,2014-11-08 22:05:27,,
16,1,X-Men Origins: Wolverine,Harry Potter and the Deathly Hallows Part 1,112630065418677,195095360505573,112630065418677,2014-11-08 22:05:27,dgdfgdfgdfg,
17,1,Sherlock Holmes,Shrek,84213402434,355374000182,84213402434,2014-11-08 22:05:27,,
18,1,The Incredible Hulk,Kung Fu Panda,21700332856,18128947058,18128947058,2014-11-08 22:05:27,,
19,1,Harry Potter,Titanic,156794164312,216410885045047,216410885045047,2014-11-08 22:05:27,,
20,1,Pirates of the Caribbean 3,Harry Potter,115081758505771,156794164312,156794164312,2014-11-08 22:05:30,,
21,2,Gravity,Bollytweets,122280464518509,1428080004104080,122280464518509,2014-11-08 22:34:09,,facebook
22,2,The Matrix,The Dark Knight Rises,195843020454275,225034700870481,195843020454275,2014-11-08 22:34:09,,facebook
23,2,Pirates of the Caribbean: Dead Man's Chest,The Matrix,109392685745478,195843020454275,195843020454275,2014-11-08 22:34:09,,facebook
24,2,The Dark Knight Rises,Gravity,225034700870481,122280464518509,122280464518509,2014-11-08 22:34:09,,facebook
25,2,3 Idiots,Agneepath,103861706317411,121996837865544,103861706317411,2014-11-08 22:34:09,,facebook
26,2,Gladiator,Transformers: Dark of the Moon,229197930430239,162971073727950,229197930430239,2014-11-08 22:34:09,,facebook
27,2,3 Idiots Movie,3 Idiots,441170255909978,103861706317411,103861706317411,2014-11-08 22:34:09,"direction, acting, story",facebook
28,2,Bollytweets,3 Idiots Movie,1428080004104080,441170255909978,441170255909978,2014-11-08 22:34:09,,facebook
29,2,Agneepath,Gladiator,121996837865544,229197930430239,229197930430239,2014-11-08 22:34:09,,facebook
30,3,Men In Black II,The Incredible Hulk,186476191384558,21700332856,,2014-11-08 22:36:21,,
31,3,Finding Nemo,Men In Black II,15294801701,186476191384558,,2014-11-08 22:36:21,,
32,3,The Incredible Hulk,Ratatouille,21700332856,17377140236,,2014-11-08 22:36:21,,
33,3,Pirates of the Caribbean: On Stranger Tides,Up,135585689798863,118194755634,,2014-11-08 22:36:21,,
34,3,Scary Movie,Pirates of the Caribbean: On Stranger Tides,233224836695428,135585689798863,,2014-11-08 22:36:21,,
35,3,Ratatouille,Shrek 2,17377140236,113771411967031,,2014-11-08 22:36:21,,
36,3,Up,Finding Nemo,118194755634,15294801701,,2014-11-08 22:36:21,,
37,4,Munnabhai Chale Amerika,Batman: The Dark Knight,239133896673,12887942787,12887942787,2014-11-08 23:03:07,,
38,4,DCH Gang,Rang De Basanti,268817026482059,156071357820655,156071357820655,2014-11-08 23:03:07,Story,
39,4,C10 H14 N2 - The Film,Munnabhai Chale Amerika,664301420344334,239133896673,664301420344334,2014-11-08 23:03:07,,
40,4,Rang De Basanti,Zindagi Na Milegi Dobara,156071357820655,176228295759291,156071357820655,2014-11-08 23:03:07,,
41,4,Batman: The Dark Knight,Latest Bollywood Songs,12887942787,131979643563672,,2014-11-08 23:03:07,,
42,4,A Wednesday-the film,American Pie,23303421143,12604171859,23303421143,2014-11-08 23:03:07,,
43,4,Slumdog Millionaire,A Wednesday-the film,53180527367,23303421143,23303421143,2014-11-08 23:03:07,,
44,4,The Hangover,LUCIA Kannada Movie,74089565764,379595285502856,379595285502856,2014-11-08 23:03:07,New concept,
45,4,American Pie,C10 H14 N2 - The Film,12604171859,664301420344334,12604171859,2014-11-08 23:03:07,Funny,
46,4,LUCIA Kannada Movie,Slumdog Millionaire,379595285502856,53180527367,379595285502856,2014-11-08 23:03:07,,
47,4,Latest Bollywood Songs,DCH Gang,131979643563672,268817026482059,268817026482059,2014-11-08 23:03:07,,
48,5,50 First Dates,The Hangover,109534742399678,74089565764,74089565764,2014-11-08 23:08:27,,
49,5,Gravity,Dilwale Dulhania Le Jayenge - Official,122280464518509,233266853464840,233266853464840,2014-11-08 23:08:27,,
50,5,17 Again,50 First Dates,79203305680,109534742399678,109534742399678,2014-11-08 23:08:27,,
51,5,A Walk To Remember,The Ring,152542051476998,133171480093852,152542051476998,2014-11-08 23:08:27,,
52,5,The Ring,Black Swan,133171480093852,106602966061813,106602966061813,2014-11-08 23:08:27,The protagonist's acting and the direction.,
53,5,Veer-Zaara Official,The Ugly Truth,150458898489106,41872475652,41872475652,2014-11-08 23:08:27,,
54,5,Frozen,The Proposal,482368755113431,368938496503181,368938496503181,2014-11-08 23:08:27,The story is very romantic.,
55,5,Black Swan,Hitch,106602966061813,107315332680159,107315332680159,2014-11-08 23:08:27,The storyline.,
56,5,The Hangover,Gravity,74089565764,122280464518509,74089565764,2014-11-08 23:08:27,,
57,5,The Proposal,Veer-Zaara Official,368938496503181,150458898489106,368938496503181,2014-11-08 23:08:27,,
58,5,The Ugly Truth,17 Again,41872475652,79203305680,41872475652,2014-11-08 23:08:27,,
59,5,Bride Wars,Frozen,35312278675,482368755113431,482368755113431,2014-11-08 23:08:27,The animated movie was very cute and I liked its theme.,
60,5,Hitch,Bride Wars,107315332680159,35312278675,35312278675,2014-11-08 23:08:27,,
61,6,Wedding Crashers,Old School,225105910930642,155307641244611,225105910930642,2014-11-08 23:12:04,,
62,6,Wedding Crashers,The Matrix,108111052549869,195843020454275,108111052549869,2014-11-08 23:12:04,,
63,6,The Matrix,Fight Club,113401482006986,39644305296,113401482006986,2014-11-08 23:12:04,,
64,6,Old School,Wedding Crashers,155307641244611,108111052549869,108111052549869,2014-11-08 23:12:04,,
65,6,Step Brothers,Old School,12500648763,107708005925966,12500648763,2014-11-08 23:12:04,Its just really funny,
66,6,Fight Club,Wedding Crashers,39644305296,225105910930642,225105910930642,2014-11-08 23:12:04,,
67,6,Old School,The Matrix,107708005925966,113401482006986,113401482006986,2014-11-08 23:12:04,,
68,7,Batman: The Dark Knight,Monty Python and the Holy Grail,12887942787,111685325514787,12887942787,2014-11-08 23:20:16,,
69,7,Toy Story,The Lord of the Rings Trilogy,10498014129,212216417436,10498014129,2014-11-08 23:20:16,"Very inventive and creative. A classic animation, and it also helps that I saw it as a kid. ",
70,7,The Lion King,Batman: The Dark Knight,12393266550,12887942787,12393266550,2014-11-08 23:20:16,,
71,7,The Lord of the Rings Trilogy,The Lion King,212216417436,12393266550,12393266550,2014-11-08 23:20:16,,
72,6,Anchorman,The Matrix,149754391717284,195843020454275,149754391717284,2014-11-08 23:20:25,,
73,6,The Matrix,Dodgeball,195843020454275,401640156527419,195843020454275,2014-11-08 23:20:25,,
74,6,The Lord of the Rings Trilogy,Step Brothers,212216417436,12500648763,212216417436,2014-11-08 23:20:25,,
75,6,The Hunger Games,Fight Club,159746560708670,39644305296,39644305296,2014-11-08 23:20:25,,
76,6,I Am Legend,Old School,163042800417248,107708005925966,163042800417248,2014-11-08 23:20:25,,
77,6,Inception,Anchorman,91290503700,149754391717284,91290503700,2014-11-08 23:20:25,,
78,6,Dodgeball,Bourne Ultimatum,401640156527419,105742379466221,105742379466221,2014-11-08 23:20:25,,
79,6,Catching Fire Movie,Wedding Crashers,442962972411793,225105910930642,225105910930642,2014-11-08 23:20:25,,
80,6,Talladega Nights: The Ballad of Ricky Bobby,Catching Fire Movie,112896718725157,442962972411793,442962972411793,2014-11-08 23:20:25,,
81,6,Bourne Ultimatum,The Lord of the Rings Trilogy,105742379466221,212216417436,105742379466221,2014-11-08 23:20:25,,
82,8,Official: Fantastic Four,Batman: The Dark Knight,811858478866705,12887942787,12887942787,2014-11-08 23:28:46,,facebook
83,8,Avatar,Batman v Superman: Dawn of Justice,82771544063,243645259169395,243645259169395,2014-11-08 23:28:46,,facebook
84,8,Azad (film),Jupiter Ascending,106100379420928,280808081937245,280808081937245,2014-11-08 23:28:46,xc,facebook
85,8,Jupiter Ascending,Interstellar,280808081937245,547898971970158,547898971970158,2014-11-08 23:28:46,,facebook
86,8,Fantastic 4,Official: Fantastic Four,110131885683575,811858478866705,811858478866705,2014-11-08 23:28:46,,facebook
87,8,Shrek,Fantastic 4,355374000182,110131885683575,110131885683575,2014-11-08 23:28:46,,facebook
88,8,Interstellar,Avatar,547898971970158,82771544063,82771544063,2014-11-08 23:28:46,,facebook
89,8,Batman v Superman: Dawn of Justice,Jump Street Movies,243645259169395,162936223795683,162936223795683,2014-11-08 23:28:46,dcsd,facebook
90,8,Jump Street Movies,Captain America,162936223795683,122352024462380,122352024462380,2014-11-08 23:28:46,,facebook
91,8,Captain America,Shrek,122352024462380,355374000182,355374000182,2014-11-08 23:28:46,,facebook
92,9,DCH Gang,Blood Diamond,268817026482059,8452574190,8452574190,2014-11-08 23:47:42,Has a more gripping story line,
93,9,Prayschit,Sound City Movie,134739203328846,298282330211610,298282330211610,2014-11-08 23:47:42,,
94,9,"""Harry Potter and the Deathly Hallows""",21,20034039910,6806293649,20034039910,2014-11-08 23:47:42,,
95,9,Blood Diamond,Transformers,8452574190,180774635291325,8452574190,2014-11-08 23:47:42,,
96,9,Iron Man,Inception,7057882289,91290503700,91290503700,2014-11-08 23:47:42,,
97,9,Inception,Prayschit,91290503700,134739203328846,91290503700,2014-11-08 23:47:42,,
98,9,The Hangover,DCH Gang,74089565764,268817026482059,268817026482059,2014-11-08 23:47:42,More realistic than hangover.,
99,9,Sound City Movie,"""Harry Potter and the Deathly Hallows""",298282330211610,20034039910,20034039910,2014-11-08 23:47:42,,
100,9,Transformers,Iron Man,180774635291325,7057882289,7057882289,2014-11-08 23:47:42,,
101,9,21,Kick-Ass,6806293649,112173025466455,112173025466455,2014-11-08 23:47:42,The story line is awesome. Background music is amazing.,
102,10,Hereafter,Prestige,242643169055,106266986076412,106266986076412,2014-11-08 23:50:02,Great script and even better act. It was a new way of showing suspenses on twin roles and the movie succeeded on it. ,
103,10,3 Idiots Movie,Fight Club,441170255909978,39644305296,39644305296,2014-11-08 23:50:02,,
104,10,Saving Private Ryan,Shutter Island,131804703563360,132294760114,132294760114,2014-11-08 23:50:02,Dicaprio Fan!,
105,10,Unfaithful,Kung Fu Panda,105574909476929,18128947058,18128947058,2014-11-08 23:50:02,,
106,10,A Walk To Remember,The Notebook,152542051476998,107563339266863,107563339266863,2014-11-08 23:50:02,,
107,10,Kung Fu Panda,X-Men Movies,18128947058,170700836293714,170700836293714,2014-11-08 23:50:02,,
108,10,Limitless,A.I. Artificial Intelligence,150444495003892,204484616255526,150444495003892,2014-11-08 23:50:02,,
109,10,The Notebook,Limitless,107563339266863,150444495003892,107563339266863,2014-11-08 23:50:02,,
110,10,Nights in Rodanthe,3 Idiots Movie,272832346113356,441170255909978,441170255909978,2014-11-08 23:50:02,,
111,10,Iron Man,A Walk To Remember,7057882289,152542051476998,152542051476998,2014-11-08 23:50:02,The ending ,
112,10,A.I. Artificial Intelligence,V For Vendetta,204484616255526,191457994228848,191457994228848,2014-11-08 23:50:02,,
113,10,V For Vendetta,Nights in Rodanthe,191457994228848,272832346113356,191457994228848,2014-11-08 23:50:02,,
114,10,Prestige,Epic Movie Dialogues,106266986076412,625885797465196,625885797465196,2014-11-08 23:50:02,,
115,10,The Fighter,Iron Man,144258942282205,7057882289,144258942282205,2014-11-08 23:50:02,,
116,10,Sherlock Holmes,Memento,84213402434,285128358275044,285128358275044,2014-11-08 23:50:02,,
117,10,Memento,Hereafter,285128358275044,242643169055,285128358275044,2014-11-08 23:50:02,"Movies with frequent timeline jumps end up confusing the audience , but this movie rather used it to create great thrill",
118,10,Fight Club,Unfaithful,39644305296,105574909476929,39644305296,2014-11-08 23:50:02,,
119,10,Epic Movie Dialogues,Saving Private Ryan,625885797465196,131804703563360,625885797465196,2014-11-08 23:50:02,,
120,10,X-Men Movies,Sherlock Holmes,170700836293714,84213402434,84213402434,2014-11-08 23:50:02,Great books hardly make great movies. But this was a exception and Downey just nailed it. ,
121,8,Batman: The Dark Knight,Official: Fantastic Four,12887942787,811858478866705,811858478866705,2014-11-09 16:20:23,,facebook
122,8,Inception,Captain America,91290503700,122352024462380,122352024462380,2014-11-09 16:20:23,,facebook
123,12,Fast & Furious,Alice in Wonderland,24098842630,96787126667,,2014-11-11 02:43:14,,
124,12,Alice in Wonderland,Inception,96787126667,91290503700,,2014-11-11 02:43:14,,
125,2,Transformers: Dark of the Moon,Gravity,162971073727950,122280464518509,122280464518509,2014-11-20 21:26:27,"direction, cinematography, story",facebook
126,14,Zathura,Jackie Chan,106068599424853,112235312126431,106068599424853,2014-11-21 02:00:12,,pilot
127,14,Ted,Children of Men,317928348241564,142656362465441,317928348241564,2014-11-21 02:00:12,,pilot
128,14,Van Helsing,Fight Club,107454359277006,39644305296,39644305296,2014-11-21 02:00:12,,pilot
129,14,King Kong,P.S. I Love You,105618956138236,108213189199750,108213189199750,2014-11-21 02:00:12,,pilot
130,14,Man of the Year,Van Helsing,112518935430579,128006210604362,128006210604362,2014-11-21 02:00:12,Graphics,pilot
131,14,Animated Movies,Avatar,110690592286422,111848228832068,111848228832068,2014-11-21 02:00:12,Story,pilot
132,14,Jackie Chan,Behind Enemy Lines,112235312126431,599354383479469,112235312126431,2014-11-21 02:00:12,,pilot
133,14,Miracle,Animated Movies,111755788841544,110690592286422,111755788841544,2014-11-21 02:00:12,,pilot
134,14,Torque,Spiderman,108425375849213,115058325176059,108425375849213,2014-11-21 02:00:12,,pilot
135,14,Avatar,Zathura,111848228832068,106068599424853,111848228832068,2014-11-21 02:00:12,,pilot
136,14,Spider-Man,Van Helsing,191140214238741,107454359277006,107454359277006,2014-11-21 02:00:12,story,pilot
137,14,Spiderman,Spider-Man,115058325176059,191140214238741,115058325176059,2014-11-21 02:00:12,,pilot
138,14,2 Fast 2 Furious,House of Sand and Fog,103070923066176,103749379663834,103070923066176,2014-11-21 02:00:12,,pilot
139,14,P.S. I Love You,Ted,108213189199750,317928348241564,317928348241564,2014-11-21 02:00:12,,pilot
140,14,Van Helsing,King Kong,128006210604362,105618956138236,105618956138236,2014-11-21 02:00:12,,pilot
141,14,Behind Enemy Lines,2 Fast 2 Furious,599354383479469,103070923066176,599354383479469,2014-11-21 02:00:12,,pilot
142,14,Fight Club,Running Scared,39644305296,108066455888707,39644305296,2014-11-21 02:00:12,,pilot
143,14,Children of Men,Torque,142656362465441,108425375849213,108425375849213,2014-11-21 02:00:12,,pilot
144,14,Running Scared,Miracle,108066455888707,111755788841544,111755788841544,2014-11-21 02:00:12,,pilot
145,15,Seducing Mr. Perfect,Kung Fu Panda,109256762425583,18128947058,109256762425583,2014-11-21 02:00:27,Romance.,pilot
146,15,The Social Network Movie,The Proposal,160640653979986,368938496503181,368938496503181,2014-11-21 02:00:27,,pilot
147,15,The Dark Knight Rises,Bommarillu,225034700870481,107575252605631,225034700870481,2014-11-21 02:00:27,,pilot
148,15,Kung Fu Panda,Happy Days,18128947058,105458649488033,18128947058,2014-11-21 02:00:27,,pilot
149,15,Serendipity,Pursuit of Happyness,117124431723243,110805862281668,110805862281668,2014-11-21 02:00:27,,pilot
150,15,Confessions of a Shopaholic,Orphan,109469595745998,68003267181,109469595745998,2014-11-21 02:00:27,,pilot
151,15,Avengers,Harry Potter,126757470715601,156794164312,126757470715601,2014-11-21 02:00:27,Story,pilot
152,15,Orphan,Rocky,68003267181,224332791564,224332791564,2014-11-21 02:00:27,,pilot
153,15,Konchem Ishtam Konchem Kashtam,Confessions of a Shopaholic,108046285890083,109469595745998,108046285890083,2014-11-21 02:00:27,,pilot
154,15,Godavari,Serendipity,104085552961607,117124431723243,117124431723243,2014-11-21 02:00:27,"Story, action, emotional elements.",pilot
155,15,Pursuit of Happyness,Kuch Kuch Hota Hai,110805862281668,329909013749416,110805862281668,2014-11-21 02:00:27,,pilot
156,15,Kuch Kuch Hota Hai,The Dark Knight Rises,329909013749416,225034700870481,225034700870481,2014-11-21 02:00:27,,pilot
157,15,Batman Begins,Seducing Mr. Perfect,246344278767961,109256762425583,246344278767961,2014-11-21 02:00:27,Action,pilot
158,15,The Proposal,Batman Begins,368938496503181,246344278767961,368938496503181,2014-11-21 02:00:27,,pilot
159,15,Bommarillu,Konchem Ishtam Konchem Kashtam,107575252605631,108046285890083,108046285890083,2014-11-21 02:00:27,,pilot
160,15,Happy Days,Anand,105458649488033,110431812312007,110431812312007,2014-11-21 02:00:27,,pilot
161,15,Rocky,Before Sunrise,224332791564,220797768075488,220797768075488,2014-11-21 02:00:27,,pilot
162,15,Before Sunrise,Avengers,220797768075488,126757470715601,220797768075488,2014-11-21 02:00:27,,pilot
163,15,Harry Potter,The Social Network Movie,156794164312,160640653979986,156794164312,2014-11-21 02:00:27,,pilot
164,16,Toy Story 3,Transformers,113242012023271,180774635291325,180774635291325,2014-11-21 02:02:10,,pilot
165,16,Ted,Captain America,317928348241564,122352024462380,317928348241564,2014-11-21 02:02:10,,pilot
166,16,Captain America,Toy Story 3,122352024462380,113242012023271,122352024462380,2014-11-21 02:02:10,,pilot
167,16,Men In Black,Cars,168169803229342,31159065182,31159065182,2014-11-21 02:02:10,Story,pilot
168,16,The Social Network Movie,Real Steel,160640653979986,327836155819,327836155819,2014-11-21 02:02:10,,pilot
169,16,Real Steel,World War Z,327836155819,457071544317264,457071544317264,2014-11-21 02:02:10,Directions,pilot
170,16,Pirates of the Caribbean: On Stranger Tides,Madagascar,135585689798863,149800431712088,149800431712088,2014-11-21 02:02:10,Humor,pilot
171,16,Madagascar,The Social Network Movie,149800431712088,160640653979986,149800431712088,2014-11-21 02:02:10,,pilot
172,16,The Social Network,Ted,105460422821089,317928348241564,317928348241564,2014-11-21 02:02:10,,pilot
173,16,Fast & Furious,The Social Network,24098842630,105460422821089,105460422821089,2014-11-21 02:02:10,,pilot
174,16,Transformers,X-Men: First Class,180774635291325,150354778334078,180774635291325,2014-11-21 02:02:10,,pilot
175,16,What Happens In Vegas,Pirates of the Caribbean: On Stranger Tides,36193850318,135585689798863,135585689798863,2014-11-21 02:02:10,,pilot
176,16,World War Z,Batman: The Dark Knight,457071544317264,12887942787,12887942787,2014-11-21 02:02:10,,pilot
177,16,X-Men: First Class,What Happens In Vegas,150354778334078,36193850318,150354778334078,2014-11-21 02:02:10,,pilot
178,16,Kung Fu Panda,Fast & Furious,18128947058,24098842630,18128947058,2014-11-21 02:02:10,,pilot
179,16,Cars,Kung Fu Panda,31159065182,18128947058,31159065182,2014-11-21 02:02:10,,pilot
180,17,Inglorious Basterds,You've Got Mail,101898169852566,407617302597394,407617302597394,2014-11-21 02:12:27,,pilot
181,17,How to Train Your Dragon,When Harry Met Sally,96698020019,571601889534616,571601889534616,2014-11-21 02:12:27,,pilot
182,17,Harry Potter and the Deathly Hallows: Part II,Man From Earth,106325859403023,599909380052904,599909380052904,2014-11-21 02:12:27,story and acting,pilot
183,17,12 Angry Men,Princess Diaries,105634886138092,106520992716808,105634886138092,2014-11-21 02:12:27,,pilot
184,17,Bourne Ultimatum,Pursuit of Happyness,105742379466221,400024903412192,400024903412192,2014-11-21 02:12:27,,pilot
185,17,Die Hard 4,Breakfast at Tiffany's,114921098524904,215328615157408,215328615157408,2014-11-21 02:12:27,acting and story,pilot
186,17,A Beautiful Mind,Harry Potter and the Deathly Hallows: Part II,251353808252087,106325859403023,251353808252087,2014-11-21 02:12:27,,pilot
187,17,Man From Earth,How to Train Your Dragon,599909380052904,96698020019,599909380052904,2014-11-21 02:12:27,,pilot
188,17,When Harry Met Sally,The Ghost and the Darkness,571601889534616,112017685480774,571601889534616,2014-11-21 02:12:27,,pilot
189,17,Gone With The Wind,Die Hard 4,264315306995027,114921098524904,264315306995027,2014-11-21 02:12:27,,pilot
190,17,The Bourne Identity,A Beautiful Mind,103744862998017,251353808252087,251353808252087,2014-11-21 02:12:27,,pilot
191,17,You've Got Mail,Runaway Bride,407617302597394,109515715734415,407617302597394,2014-11-21 02:12:27,charm of the actors and story,pilot
192,17,Pearl Harbor,Inglorious Basterds,104093616294591,101898169852566,101898169852566,2014-11-21 02:12:27,Story and acting,pilot
193,17,Pursuit of Happyness,The Bourne Supremacy,400024903412192,105427566156282,400024903412192,2014-11-21 02:12:27,,pilot
194,17,Runaway Bride,12 Angry Men,109515715734415,105634886138092,109515715734415,2014-11-21 02:12:27,,pilot
195,17,Up,Gone With The Wind,118194755634,264315306995027,264315306995027,2014-11-21 02:12:27,,pilot
196,17,The Bourne Supremacy,The Bourne Identity,105427566156282,103744862998017,105427566156282,2014-11-21 02:12:27,,pilot
197,17,The Ghost and the Darkness,Up,112017685480774,118194755634,112017685480774,2014-11-21 02:12:27,,pilot
198,17,Princess Diaries,Bourne Ultimatum,106520992716808,105742379466221,106520992716808,2014-11-21 02:12:27,,pilot
199,18,Creating Freedom,Requiem for a Dream,216459211764969,104054269631460,,2014-11-21 03:31:49,,
200,18,Into the Wild,The Japanese Wife,8907712172,281617014932,,2014-11-21 03:31:49,,
201,18,FALTU,Inception,228419920656059,91290503700,,2014-11-21 03:31:49,,
202,18,Miss Congeniality,Children of Men,229986050475716,142656362465441,,2014-11-21 03:31:49,,
203,18,"Dude, Where's My Car?",50 first dates,398526576833258,9020504867,,2014-11-21 03:31:49,,
204,18,Children of Men,Kung Fu Panda,142656362465441,18128947058,,2014-11-21 03:31:49,,
205,18,Requiem for a Dream,Post Grad,706054532797482,106104889420995,,2014-11-21 03:31:49,,
206,18,50 first dates,Creating Freedom,9020504867,216459211764969,,2014-11-21 03:31:49,,
207,18,No Strings Attached,Requiem for a Dream,173433689340252,706054532797482,,2014-11-21 03:31:49,,
208,18,The Japanese Wife,Constantine,281617014932,215380638665932,,2014-11-21 03:31:49,,
209,18,Inception,The Butterfly Effect,91290503700,177888132258586,,2014-11-21 03:31:49,,
210,18,Requiem for a Dream,FALTU,104054269631460,228419920656059,,2014-11-21 03:31:49,,
211,18,Constantine,"Dude, Where's My Car?",215380638665932,398526576833258,,2014-11-21 03:31:49,,
212,18,Valentine's Day,Miss Congeniality,135476183646,229986050475716,,2014-11-21 03:31:49,,
213,18,Karthik Calling Karthik,Into the Wild,300269803925,8907712172,,2014-11-21 03:31:49,,
214,18,Kung Fu Panda,National Treasure,18128947058,112534742091328,,2014-11-21 03:31:49,,
215,18,National Treasure,Constantine,112534742091328,111849862165426,,2014-11-21 03:31:49,,
216,18,The Butterfly Effect,Valentine's Day,177888132258586,135476183646,,2014-11-21 03:31:49,,
217,18,Constantine,No Strings Attached,111849862165426,173433689340252,,2014-11-21 03:31:49,,
218,19,Varanam Aayiram,August Rush,101891889852950,273896639332607,101891889852950,2014-11-21 03:48:53,,pilot
219,19,Top Gun,Varanam Aayiram,204430826236406,101891889852950,204430826236406,2014-11-21 03:48:53,,pilot
220,19,Twilight (2008 film),Neethaane En Ponvasantham,107566302606873,421592124536646,107566302606873,2014-11-21 03:48:53,,pilot
221,19,The Social Network Movie,Top Gun,160640653979986,204430826236406,,2014-11-21 03:48:53,,pilot
222,19,Neethaane En Ponvasantham,The Dark Knight Rises,421592124536646,225034700870481,225034700870481,2014-11-21 03:48:53,,pilot
223,19,Prince of Persia: The Sands of Time,Twilight (2008 film),139195819664,107566302606873,139195819664,2014-11-21 03:48:53,,pilot
224,19,The Dark Knight Rises,August Rush,225034700870481,109573692402522,225034700870481,2014-11-21 03:48:53,,pilot
225,19,Kabhi Khushi Kabhie Gham,Varanam Aayiram.,352863808101325,1472980222948290,1472980222948290,2014-11-21 03:48:53,,pilot
226,19,Inception,Prince of Persia: The Sands of Time,91290503700,139195819664,139195819664,2014-11-21 03:48:53,,pilot
227,19,August Rush,The Social Network Movie,109573692402522,160640653979986,160640653979986,2014-11-21 03:48:53,story,pilot
228,19,August Rush,Kabhi Khushi Kabhie Gham,273896639332607,352863808101325,273896639332607,2014-11-21 03:48:53,,pilot
229,19,Varanam Aayiram.,MoneyBall,1472980222948290,181894861866102,1472980222948290,2014-11-21 03:48:53,,pilot
230,20,Hamsageethe,Catch Me If You Can,105475782818131,189231947796149,105475782818131,2014-11-21 06:23:10,,pilot
231,20,Ocean's Eleven,Seven,247282041954910,103131766394504,103131766394504,2014-11-21 06:23:10,story,pilot
232,20,Valkyrie,21,36151163682,6806293649,36151163682,2014-11-21 06:23:10,,pilot
233,20,Valkyrie,Ocean's Eleven,112269815451069,247282041954910,112269815451069,2014-11-21 06:23:10,,pilot
234,20,Seven,Naayi Neralu,103131766394504,108413992520053,108413992520053,2014-11-21 06:23:10,story,pilot
235,20,Ocean's Eleven (2001),Hamsageethe,174141142637496,105475782818131,105475782818131,2014-11-21 06:23:10,,pilot
236,20,Ocean's Eleven,Seven,105506929484028,206190329408695,206190329408695,2014-11-21 06:23:10,,pilot
237,20,3 Idiots Movie,Ocean's Eleven,441170255909978,105506929484028,105506929484028,2014-11-21 06:23:10,,pilot
238,20,Catch Me If You Can,Inception,109436175750227,91290503700,91290503700,2014-11-21 06:23:10,story,pilot
239,20,Inception,Ocean's Eleven (2001),91290503700,174141142637496,91290503700,2014-11-21 06:23:10,,pilot
240,20,Naayi Neralu,IF MR BEAN WAS EDWARD IN TWILIGHT HE WOULD LOOK LIKE THIS!!,108413992520053,494036635360,108413992520053,2014-11-21 06:23:10,,pilot
241,20,IF MR BEAN WAS EDWARD IN TWILIGHT HE WOULD LOOK LIKE THIS!!,3 Idiots Movie,494036635360,441170255909978,494036635360,2014-11-21 06:23:10,,pilot
242,20,Seven,Catch Me If You Can,206190329408695,109436175750227,206190329408695,2014-11-21 06:23:10,,pilot
243,20,21,Valkyrie,6806293649,112269815451069,6806293649,2014-11-21 06:23:10,,pilot
244,21,The Karate Kid,Alvin and the Chipmunks,184695207750,191584114216384,184695207750,2014-11-21 17:28:12,,pilot
245,21,Kung Fu Panda,The Karate Kid,18128947058,184695207750,184695207750,2014-11-21 17:28:12,,pilot
246,13,The Terminal,Inception,108121322549934,91290503700,108121322549934,2014-11-21 20:52:38,,pilot
247,13,"Lock, Stock and Two Smoking Barrels",Catch Me if U Can,113547575322620,114766948538699,114766948538699,2014-11-21 20:52:38,,pilot
248,13,"Lock, Stock and Two Smoking Barrels","Lock, Stock and Two Smoking Barrels",110051375738010,113547575322620,110051375738010,2014-11-21 20:52:38,,pilot
249,13,A Beautiful Mind,The Prestige,112317682114594,112918008719378,112317682114594,2014-11-21 20:52:38,,pilot
250,13,The Sixth Sense,The Prestige,111766602173227,797290310335339,797290310335339,2014-11-21 20:52:38,,pilot
251,13,The Prestige,Masoom,112918008719378,112315595447687,112918008719378,2014-11-21 20:52:38,,pilot
252,13,Inception,The Sixth Sense,91290503700,111766602173227,111766602173227,2014-11-21 20:52:38,,pilot
253,13,V For Vendetta,The Terminal,191457994228848,108121322549934,108121322549934,2014-11-21 20:52:38,,pilot
254,13,Masoom,V For Vendetta,112315595447687,191457994228848,112315595447687,2014-11-21 20:52:38,Story lines of all the stories were most appealing,pilot
255,13,Catch Me if U Can,A Beautiful Mind,114766948538699,112317682114594,112317682114594,2014-11-21 20:52:38,Acting and Storyline,pilot
256,24,Dil Chahta Hai,Dil Chahta Hai,1482270528702340,103117456395835,1482270528702340,2014-11-28 00:52:40,,pilot
257,24,DCH Gang,13 Assassins,268817026482059,160048640673314,268817026482059,2014-11-28 00:52:40,,pilot
258,24,Terminator 2 (T2),Dil Chahta Hai,152756901432744,1482270528702340,1482270528702340,2014-11-28 00:52:40,Action and story,pilot
259,24,Dil Chahta Hai,88 minutes,103117456395835,112185402130400,103117456395835,2014-11-28 00:52:40,,pilot
260,24,Mission: Impossible,Terminator 2 (T2),290487762729,152756901432744,290487762729,2014-11-28 00:52:40,,pilot
261,24,Filmygyan,Rang De Basanti,334718749959224,109513139067580,109513139067580,2014-11-28 00:52:40,,pilot
262,24,The Illusionist (2006 film),Mission: Impossible,113621311981982,290487762729,290487762729,2014-11-28 00:52:40,,pilot
263,24,Source Code,The Blind Side,105636212804436,104880924318,104880924318,2014-11-28 00:52:40,"Story, Drama",pilot
264,24,Rang De Basanti,The Prestige,109513139067580,112918008719378,109513139067580,2014-11-28 00:52:40,,pilot
265,24,3 Idiots Movie,Terminator2,441170255909978,113904648625083,113904648625083,2014-11-28 00:52:40,Action,pilot
266,24,The Prestige,Mission: Impossible III,112918008719378,108020865885116,108020865885116,2014-11-28 00:52:40,,pilot
267,24,Step Up,The Prestige,112061162142517,797290310335339,112061162142517,2014-11-28 00:52:40,,pilot
268,24,Mission: Impossible III,DCH Gang,108020865885116,268817026482059,268817026482059,2014-11-28 00:52:40,,pilot
269,24,The Prestige,The Illusionist (2006 film),797290310335339,113621311981982,797290310335339,2014-11-28 00:52:40,,pilot
270,24,Terminator2,Step Up,113904648625083,112061162142517,112061162142517,2014-11-28 00:52:40,,pilot
271,24,88 minutes,Hachiko: A Dog's Story,112185402130400,109568722402875,109568722402875,2014-11-28 00:52:40,Story,pilot
272,24,The Blind Side,3 Idiots Movie,104880924318,441170255909978,104880924318,2014-11-28 00:52:40,,pilot
273,24,13 Assassins,Harry Potter,160048640673314,156794164312,160048640673314,2014-11-28 00:52:40,,pilot
274,24,Harry Potter,Source Code,156794164312,105636212804436,156794164312,2014-11-28 00:52:40,,pilot
275,3,Shrek 2,Finding Nemo,113771411967031,15294801701,,2014-12-02 21:25:18,,
276,1,Am�lie,Spider-Man 3,159991337403488,195972387095667,,2014-12-05 20:31:59,,
277,25,The LEGO Movie,Ghilli,142731419158626,104060369629116,142731419158626,2014-12-07 06:33:05,,facebook
278,25,Batman: The Dark Knight,Spider-Man,12887942787,191140214238741,12887942787,2014-12-07 06:33:05,,facebook
279,25,Fast & Furious,Mithun Chakraborty,24098842630,103803446325124,103803446325124,2014-12-07 06:33:05,,facebook
280,25,Megamind,Batman: The Dark Knight,114097065267211,12887942787,114097065267211,2014-12-07 06:33:05,,facebook
281,25,Ajay Devgn,Chak de,107082065996112,111722175514109,111722175514109,2014-12-07 06:33:05,,facebook
282,25,The Legend of Bhagat Singh,Ajay Devgn,762258853813277,107082065996112,762258853813277,2014-12-07 06:33:05,,facebook
283,25,EuroTrip,The Hangover,112364185443073,106062409425530,112364185443073,2014-12-07 06:33:05,,facebook
284,25,Die Hard,Dasavathaaram,108271955867852,109645342395322,109645342395322,2014-12-07 06:33:05,Story.,facebook
285,25,South Indian Films,Die Hard,351447472685,108271955867852,108271955867852,2014-12-07 06:33:05,,facebook
286,25,Mithun Chakraborty,Sivaji,103803446325124,112034738814069,112034738814069,2014-12-07 06:33:05,,facebook
287,25,Chak de,Fast & Furious,111722175514109,24098842630,111722175514109,2014-12-07 06:33:05,,facebook
288,25,Style Apna Apna,EuroTrip,263263750378138,112364185443073,112364185443073,2014-12-07 06:33:05,,facebook
289,25,The Hangover,South Indian Films,106062409425530,351447472685,106062409425530,2014-12-07 06:33:05,,facebook
290,25,Ghilli,Megamind,104060369629116,114097065267211,114097065267211,2014-12-07 06:33:05,Story.,facebook
291,25,Die Hard,Style Apna Apna,169949339748979,263263750378138,169949339748979,2014-12-07 06:33:05,Action,facebook
292,25,Koi... Mil Gaya,The LEGO Movie,105557982809906,142731419158626,142731419158626,2014-12-07 06:33:05,,facebook
293,25,Sivaji,Koi... Mil Gaya,112034738814069,105557982809906,112034738814069,2014-12-07 06:33:05,Actor,facebook
294,25,The Fast and the Furious (film series),The Legend of Bhagat Singh,108284975862167,762258853813277,762258853813277,2014-12-07 06:33:05,,facebook
295,25,Dasavathaaram,The Fast and the Furious (film series),109645342395322,108284975862167,109645342395322,2014-12-07 06:33:05,,facebook
296,26,Batman: The Dark Knight,Kuch Kuch Hota Hai,12887942787,113871365290364,12887942787,2014-12-07 06:34:23,,facebook
297,26,"Monsters, Inc.",Paranormal Activity,11215611028,138793027632,138793027632,2014-12-07 06:34:23,,facebook
298,26,Prom Night,American Pie,17698811507,12604171859,12604171859,2014-12-07 06:34:23,,facebook
299,26,Twilight - Norge,Twilihgt,90822211254,359546648609,359546648609,2014-12-07 06:34:23,"story
",
",""facebook",,,,,,,,,
300,26,Dekhomaza,Finding Nemo,291804370970940,15294801701,291804370970940,2014-12-07 06:34:23,,facebook
301,26,Bride Wars,What Happens In Vegas,35312278675,36193850318,36193850318,2014-12-07 06:34:23,,facebook
302,26,American Pie,Twilight - Norge,12604171859,90822211254,90822211254,2014-12-07 06:34:23,,facebook
303,26,Coupon Codes ?,Batman: The Dark Knight,599443926768444,12887942787,12887942787,2014-12-07 06:34:23,,facebook
304,26,Twilihgt,Bride Wars,359546648609,35312278675,359546648609,2014-12-07 06:34:23,,facebook
305,26,Fast & Furious,Reliance Home Video & Games,24098842630,114614586199,24098842630,2014-12-07 06:34:23,acting,facebook
306,26,Resident Evil Movie,"Monsters, Inc.",417038868708,11215611028,417038868708,2014-12-07 06:34:23,,facebook
307,26,Paranormal Activity,Salt,138793027632,171623547203,138793027632,2014-12-07 06:34:23,,facebook
308,26,What Happens In Vegas,Dekhomaza,36193850318,291804370970940,36193850318,2014-12-07 06:34:23,,facebook
309,26,DreamWorks Animation,Murder 2,104770457523,132271920181344,104770457523,2014-12-07 06:34:23,,facebook
310,26,Kuch Kuch Hota Hai,DreamWorks Animation,113871365290364,104770457523,104770457523,2014-12-07 06:34:23,,facebook
311,26,Murder 2,Fast & Furious,132271920181344,24098842630,24098842630,2014-12-07 06:34:23,"acting
",
",""facebook",,,,,,,,,
312,26,Avatar,Resident Evil Movie,82771544063,417038868708,82771544063,2014-12-07 06:34:23,,facebook
313,26,Reliance Home Video & Games,Prom Night,114614586199,17698811507,114614586199,2014-12-07 06:34:23,,facebook
314,26,Salt,Coupon Codes ?,171623547203,599443926768444,171623547203,2014-12-07 06:34:23,story,facebook
315,27,Filmygyan,Captain Jack Sparrow,334718749959224,56368119740,56368119740,2014-12-07 06:35:59,,facebook
316,27,The Lion King,Kuch Kuch Hota Hai,12393266550,329909013749416,329909013749416,2014-12-07 06:35:59,,facebook
317,27,Kuch Kuch Hota Hai,Filmygyan,329909013749416,334718749959224,329909013749416,2014-12-07 06:35:59,,facebook
318,27,DDLJ,Dilwale Dulhania Le Jayenge - Official,106224606081474,233266853464840,233266853464840,2014-12-07 06:35:59,,facebook
319,27,Captain Jack Sparrow,DDLJ,56368119740,106224606081474,106224606081474,2014-12-07 06:35:59,,facebook
320,29,DCH Gang,Cowboys and Aliens,268817026482059,170661939628959,268817026482059,2014-12-07 06:51:45,,facebook
321,29,A Tale of Two Sisters,DCH Gang,112283345453679,268817026482059,268817026482059,2014-12-07 06:51:45,,facebook
322,29,Cowboys and Aliens,The Hangover,170661939628959,74089565764,170661939628959,2014-12-07 06:51:45,,facebook
323,29,The Matrix,Kites - The Movie,195843020454275,310751628788,195843020454275,2014-12-07 06:51:45,The Matrix is a masterpiece! ,facebook
324,29,Ranjhaana,The Matrix,173267266185286,195843020454275,195843020454275,2014-12-07 06:51:45,,facebook
325,29,The Hangover,Ranjhaana,74089565764,173267266185286,173267266185286,2014-12-07 06:51:45,,facebook
326,31,Gandhi Class Films,The Shawshank Redemption,264123777084953,103636093053996,103636093053996,2014-12-07 07:04:08,,facebook
327,31,A Beautiful Mind,Pursuit of Happyness,112317682114594,400024903412192,400024903412192,2014-12-07 07:04:08,,facebook
328,31,Twelve Angry Men,Ulidavaru Kandante,112810742067302,141565022716123,112810742067302,2014-12-07 07:04:08,,facebook
329,31,The Shawshank Redemption,Savaari 2,103636093053996,544555698971524,103636093053996,2014-12-07 07:04:08,,facebook
330,31,Ulidavaru Kandante,Gandhi Class Films,141565022716123,264123777084953,141565022716123,2014-12-07 07:04:08,Its the narration of the movie from different perspective  i liked the most,facebook
331,31,Swades: We the People,Braveheart,296709770344835,217008138317240,296709770344835,2014-12-07 07:04:08,,facebook
332,31,Braveheart,Twelve Angry Men,217008138317240,112810742067302,112810742067302,2014-12-07 07:04:08,,facebook
333,31,Shawshank Redemption,Swades: We the People,106527789383680,296709770344835,296709770344835,2014-12-07 07:04:08,,facebook
334,31,Chilli Paneer,Director's Rare,1436291186648220,349463941808618,1436291186648220,2014-12-07 07:04:08,,facebook
335,31,Pursuit of Happyness,Chilli Paneer,400024903412192,1436291186648220,400024903412192,2014-12-07 07:04:08,,facebook
336,31,Director's Rare,Shawshank Redemption,349463941808618,106527789383680,106527789383680,2014-12-07 07:04:08,Its acting for tim robbins and background narration of Morgan freeman that i loved the most,facebook
337,33,Movies Funny Mistakes,Jump Street Movies,1437048216516220,162936223795683,162936223795683,2014-12-07 07:14:03,,facebook
338,33,Bruce Almighty,Manam,165765266808357,823915064289809,823915064289809,2014-12-07 07:14:03,"screenplay,story",facebook
339,33,The Viva -Short Film,Bruce Almighty,598075903556248,165765266808357,598075903556248,2014-12-07 07:14:03,"comedy,story,acting",facebook
340,33,A Walk To Remember,Kick 2,152542051476998,677983615620752,677983615620752,2014-12-07 07:14:03,,facebook
341,33,Manam,Race Gurram,823915064289809,240091396177632,240091396177632,2014-12-07 07:14:03,,facebook
342,33,2 States Movie,Ace Ventura: Pet Detective,320561624692023,164971330224244,164971330224244,2014-12-07 07:14:03,,facebook
343,33,Jump Street Movies,A Walk To Remember,162936223795683,152542051476998,162936223795683,2014-12-07 07:14:03,,facebook
344,33,Race Gurram,Movies Funny Mistakes,240091396177632,1437048216516220,240091396177632,2014-12-07 07:14:03,,facebook
345,33,Yem Maya Chesave,Now You See Me,141244825940013,494219247258520,141244825940013,2014-12-07 07:14:03,,facebook
346,33,Now You See Me,The Viva -Short Film,494219247258520,598075903556248,494219247258520,2014-12-07 07:14:03,,facebook
347,33,Ace Ventura: Pet Detective,Yem Maya Chesave,164971330224244,141244825940013,141244825940013,2014-12-07 07:14:03,,facebook
348,34,Rudhramadevi,Aagadu,216604105176167,516792305097905,516792305097905,2014-12-07 07:16:26,,facebook
349,34,MoneyBall,The Blind Side,181894861866102,104880924318,104880924318,2014-12-07 07:16:26,,facebook
350,34,How to Train Your Dragon,A Few Good Men,96698020019,102808639755615,102808639755615,2014-12-07 07:16:26,,facebook
351,34,Dookudu,Sleepless in Seattle,157727494278571,112366608775089,157727494278571,2014-12-07 07:16:26,,facebook
352,34,The Social Network Movie,The Green Mile,160640653979986,212526758758843,212526758758843,2014-12-07 07:16:26,story and acting,facebook
353,34,A Few Good Men,Vikramarkudu,102808639755615,104097126293168,104097126293168,2014-12-07 07:16:26,,facebook
354,34,The Blind Side,Kahaani,104880924318,159960270779699,104880924318,2014-12-07 07:16:26,,facebook
355,34,Kahaani,"Toy Story 1,2,3",159960270779699,123319517682304,123319517682304,2014-12-07 07:16:26,,facebook
356,34,"Toy Story 1,2,3",Rudhramadevi,123319517682304,216604105176167,123319517682304,2014-12-07 07:16:26,,facebook
357,34,Gladiator,How to Train Your Dragon,229197930430239,96698020019,229197930430239,2014-12-07 07:16:26,acting,facebook
358,34,The Green Mile,UDAAN,212526758758843,116078745080479,212526758758843,2014-12-07 07:16:26,,facebook
359,34,S.W.A.T.,Gladiator,107963759231744,229197930430239,229197930430239,2014-12-07 07:16:26,,facebook
360,34,Dispicable Me,MoneyBall,111265985564033,181894861866102,111265985564033,2014-12-07 07:16:26,,facebook
361,34,Sleepless in Seattle,The Social Network Movie,112366608775089,160640653979986,112366608775089,2014-12-07 07:16:26,,facebook
362,34,SuperstarDookudu,Big,106790752755541,487650687921802,106790752755541,2014-12-07 07:16:26,"Acting, story , action , comedy",facebook
363,34,Big,Dispicable Me,487650687921802,111265985564033,487650687921802,2014-12-07 07:16:26,,facebook
364,34,Aagadu,S.W.A.T.,516792305097905,107963759231744,516792305097905,2014-12-07 07:16:26,,facebook
365,34,Vikramarkudu,Big,104097126293168,108528755838983,104097126293168,2014-12-07 07:16:26,,facebook
366,34,UDAAN,SuperstarDookudu,116078745080479,106790752755541,106790752755541,2014-12-07 07:16:26,direction ,facebook
367,35,Meghe Dhaka Tara,Taxi Driver,112442825437564,129628777110156,129628777110156,2014-12-07 07:22:26,Hard to tell. Hard to compare. Especially the last question.,facebook
368,35,Ikiru,Bande � part,105480359485314,112664832082295,112664832082295,2014-12-07 07:22:26,,facebook
369,35,2001: A Space Odyssey,Rashomon,108299702523996,108126662542774,108126662542774,2014-12-07 07:22:26,,facebook
370,35,Aranyer Din Ratri,Meghe Dhaka Tara,112920485385686,112442825437564,112442825437564,2014-12-07 07:22:26,,facebook
371,35,Taxi Driver,Breathless,129628777110156,108299665865452,108299665865452,2014-12-07 07:22:26,,facebook
372,35,Rashomon,Seven Samurai,108126662542774,105564736143780,108126662542774,2014-12-07 07:22:26,,facebook
373,35,Apu Trilogy,Hazaaron Khwaishein Aisi,110763222281251,109408762418735,110763222281251,2014-12-07 07:22:26,,facebook
374,35,Bande � part,Pulp Fiction,112664832082295,112842988801190,112664832082295,2014-12-07 07:22:26,,facebook
375,35,Seven Samurai,Citizen Kane,105564736143780,112576732087662,105564736143780,2014-12-07 07:22:26,,facebook
376,35,8ﾽ,Om-Dar-Ba-Dar,117179321625569,105461739486971,117179321625569,2014-12-07 07:22:26,"Modernist abstraction is one the best things that differentiates a masterpiece from a great film. Om Darbadar is abstract, but gets too absurd at times.",facebook
377,35,Hazaaron Khwaishein Aisi,Gangs of Wasseypur,109408762418735,152963801440472,152963801440472,2014-12-07 07:22:26,,facebook
378,35,Gangs of Wasseypur,City of God,152963801440472,120599328027856,152963801440472,2014-12-07 07:22:26,,facebook
379,35,Seven Samurai Movie,Creating Freedom,1455860877999710,216459211764969,1455860877999710,2014-12-07 07:22:26,,facebook
380,35,City of God,2001: A Space Odyssey,120599328027856,108299702523996,108299702523996,2014-12-07 07:22:26,,facebook
381,35,Creating Freedom,8ﾽ,216459211764969,117179321625569,117179321625569,2014-12-07 07:22:26,Too many questions. Correct your app.,facebook
382,35,Vertigo,Apu Trilogy,295412547167061,110763222281251,295412547167061,2014-12-07 07:22:26,,facebook
383,35,Pulp Fiction,Aranyer Din Ratri,112842988801190,112920485385686,112920485385686,2014-12-07 07:22:26,,facebook
384,35,Om-Dar-Ba-Dar,Vertigo,105461739486971,295412547167061,295412547167061,2014-12-07 07:22:26,,facebook
385,35,Breathless,Seven Samurai Movie,108299665865452,1455860877999710,108299665865452,2014-12-07 07:22:26,"In order of preference 
",
Cinematography,,,,,,,,,
"
Story
",,,,,,,,,
Intent,,,,,,,,,
"
Direction
",,,,,,,,,
Performances,,,,,,,,,
"
Editing
",,,,,,,,,
"Screenplay""",facebook,,,,,,,,
386,36,One Flew Over The Cuckoo's Nest,Black Swan,309680635765274,106602966061813,309680635765274,2014-12-07 10:06:11,,facebook
387,36,If Only,A Beautiful Mind,61821447607,112317682114594,112317682114594,2014-12-07 10:06:11,,facebook
388,36,How to Train Your Dragon,The Fault in Our Stars,96698020019,1374238589472730,1374238589472730,2014-12-07 10:06:11,,facebook
389,36,A Beautiful Mind,The Illusionist,112317682114594,546225862145538,112317682114594,2014-12-07 10:06:11,,facebook
390,36,A Walk to Remember,Aarakshan,109646279061223,158011764244940,109646279061223,2014-12-07 10:06:11,"Background score, Direction",facebook
391,36,A Beautiful Mind,The Number 23,251353808252087,103779536327591,251353808252087,2014-12-07 10:06:11,,facebook
392,36,Prince of Persia: The Sands of Time,The Orphanage,139195819664,108467085845230,108467085845230,2014-12-07 10:06:11,,facebook
393,36,The Illusionist,A Walk to Remember,546225862145538,109646279061223,109646279061223,2014-12-07 10:06:11,,facebook
394,36,The Orphanage,If Only,108467085845230,61821447607,61821447607,2014-12-07 10:06:11,,facebook
395,36,Aarakshan,A Beautiful Mind,158011764244940,251353808252087,251353808252087,2014-12-07 10:06:11,,facebook
396,36,404,One Flew Over The Cuckoo's Nest,220637254632511,309680635765274,309680635765274,2014-12-07 10:06:11,,facebook
397,36,Donnie Darko,The Silence Of The Lambs,202781966460833,166917970030242,202781966460833,2014-12-07 10:06:11,,facebook
398,36,Death Note,Donnie Darko,109387229079705,202781966460833,109387229079705,2014-12-07 10:06:11,,facebook
399,36,The Illusionist,404,112854815395363,220637254632511,112854815395363,2014-12-07 10:06:11,,facebook
400,36,The Number 23,One Flew Over the Cuckoo's Nest,103779536327591,103780266327890,103780266327890,2014-12-07 10:06:11,,facebook
401,36,Black Swan,How to Train Your Dragon,106602966061813,96698020019,96698020019,2014-12-07 10:06:11,,facebook
402,36,The Orphanage,The Illusionist,303842409667419,112854815395363,112854815395363,2014-12-07 10:06:11,"Story, Direction",facebook
403,36,One Flew Over the Cuckoo's Nest,Death Note,103780266327890,109387229079705,109387229079705,2014-12-07 10:06:11,"Story, Concept",facebook
404,36,The Silence Of The Lambs,The Orphanage,166917970030242,303842409667419,303842409667419,2014-12-07 10:06:11,"Acting, Direction",facebook
405,37,Bhaya - A Psychological Thriller.,Dirt Track Productions,797479390314301,138231202858071,138231202858071,2014-12-07 10:26:18,,facebook
406,39,The Terminator,Avatar,107629399260396,82771544063,82771544063,2014-12-07 13:23:02,,facebook
407,39,The Matrix,Titanic,195843020454275,216410885045047,216410885045047,2014-12-07 13:23:02,,facebook
408,39,The Matrix,Interstellar Movie,113401482006986,599055856788775,599055856788775,2014-12-07 13:23:02,"Story, Direction and then acting.",facebook
409,39,The Lord of the Rings film trilogy,The Matrix,103990509637581,195843020454275,,2014-12-07 13:23:02,,facebook
410,39,Total Siyapaa,The Terminator,259449074230732,107629399260396,,2014-12-07 13:23:02,,facebook
411,39,Interstellar Movie,The Lord of the Rings Trilogy,599055856788775,212216417436,599055856788775,2014-12-07 13:23:02,,facebook
412,39,Avatar,The Lord of the Rings film trilogy,82771544063,103990509637581,82771544063,2014-12-07 13:23:02,,facebook
413,39,The Lord of the Rings Trilogy,Total Siyapaa,212216417436,259449074230732,,2014-12-07 13:23:02,,facebook
414,42,127 Hours,13 Going on 30,145338632166658,104076482962707,145338632166658,2014-12-07 17:41:39,,facebook
415,42,Se7en,October Sky,116203018390242,109887225704185,109887225704185,2014-12-07 17:41:39,,facebook
416,42,13 Going on 30,Zindagi Na Milegi Dobara,104076482962707,176228295759291,176228295759291,2014-12-07 17:41:39,,facebook
417,42,A Walk to Remember,P.S. I Love You,109646279061223,108213189199750,109646279061223,2014-12-07 17:41:39,,facebook
418,42,The Social Network Movie,A Walk to Remember,160640653979986,109646279061223,160640653979986,2014-12-07 17:41:39,,facebook
419,42,Troy,Grown Ups,114198018660591,166665812477,114198018660591,2014-12-07 17:41:39,"story,direction",facebook
420,42,Prince of Persia: The Sands of Time,300,139195819664,94289470471,94289470471,2014-12-07 17:41:39,,facebook
421,42,A Walk To Remember,Inception,152542051476998,91290503700,91290503700,2014-12-07 17:41:39,everything,facebook
422,42,SE7EN,Pearl Harbor,145179782170423,104093616294591,104093616294591,2014-12-07 17:41:39,,facebook
423,42,Donald Duck,A Walk To Remember,134229524276,152542051476998,152542051476998,2014-12-07 17:41:39,,facebook
424,42,Grown Ups,SE7EN,166665812477,145179782170423,166665812477,2014-12-07 17:41:39,story,facebook
425,42,Pyar Ka Punchnama,Se7en,204519969569580,116203018390242,204519969569580,2014-12-07 17:41:39,,facebook
426,42,October Sky,Prince of Persia: The Sands of Time,109887225704185,139195819664,109887225704185,2014-12-07 17:41:39,,facebook
427,42,Troy,Kal Ho Na Ho,104122822958141,106545012716615,104122822958141,2014-12-07 17:41:39,,facebook
428,42,Pearl Harbor,Donald Duck,104093616294591,134229524276,104093616294591,2014-12-07 17:41:39,,facebook
429,42,P.S. I Love You,Pyar Ka Punchnama,108213189199750,204519969569580,108213189199750,2014-12-07 17:41:39,,facebook
430,42,Kal Ho Na Ho,The Social Network Movie,106545012716615,160640653979986,160640653979986,2014-12-07 17:41:39,direction,facebook
431,42,300,Troy,94289470471,114198018660591,114198018660591,2014-12-07 17:41:39,,facebook
432,42,Inception,127 Hours,91290503700,145338632166658,91290503700,2014-12-07 17:41:39,,facebook
433,43,Titanic,Guardians of the Galaxy,216410885045047,263903657057997,263903657057997,2014-12-07 19:49:08,,facebook
434,43,Guardians of the Galaxy,Batman: The Dark Knight,263903657057997,12887942787,12887942787,2014-12-07 19:49:08,,facebook
435,45,Namaste London,Kung Fu Panda,111002812257390,18128947058,,2014-12-07 20:38:09,,
436,45,Don 2,Toy Story,163143140362756,10498014129,,2014-12-07 20:38:09,,
437,45,Toy Story,Shrek,10498014129,355374000182,,2014-12-07 20:38:09,,
438,45,National Treasure: Book of Secrets,Transformers,5902609978,180774635291325,,2014-12-07 20:38:09,,
439,45,3 Idiots Movie,Don 2,441170255909978,163143140362756,,2014-12-07 20:38:09,,
440,45,Transformers,American Pie,108064815881447,12604171859,,2014-12-07 20:38:09,,
441,45,Delhi Belly,Hello London,147659725295525,377974712248570,,2014-12-07 20:38:09,,
442,45,2012,3 Idiots Movie,55200621163,441170255909978,,2014-12-07 20:38:09,,
443,45,Shrek,Delhi Belly,355374000182,147659725295525,,2014-12-07 20:38:09,,
444,45,American Pie,2012,12604171859,55200621163,,2014-12-07 20:38:09,,
445,45,Kung Fu Panda,Transformers,18128947058,108064815881447,,2014-12-07 20:38:09,,
446,45,Transformers,Namaste London,180774635291325,111002812257390,,2014-12-07 20:38:09,,
447,46,Dil Chahta Hai,DCH Gang,1482270528702340,268817026482059,1482270528702340,2014-12-07 20:59:46,,facebook
448,46,DCH Gang,Jassy sekhon,268817026482059,797377790313404,268817026482059,2014-12-07 20:59:46,,facebook
449,46,A Walk To Remember,The Departed,152542051476998,124703400953760,124703400953760,2014-12-07 20:59:46,"Awesome performance by the cast, and superb direction.",facebook
450,46,Dil Chahta Hai,A Walk To Remember,103117456395835,152542051476998,103117456395835,2014-12-07 20:59:46,,facebook
451,46,A Beautiful Mind,Dil Chahta Hai,251353808252087,1482270528702340,1482270528702340,2014-12-07 20:59:46,,facebook
452,46,Ratatouille,Pulp Fiction,17377140236,112842988801190,17377140236,2014-12-07 20:59:46,,facebook
453,46,The Usual Suspects,The Usual Suspects,487680604610929,108132462548163,108132462548163,2014-12-07 20:59:46,Superb story and amazing performance by Kevin Spacey. ,facebook
454,46,The Departed,A Beautiful Mind,124703400953760,251353808252087,124703400953760,2014-12-07 20:59:46,,facebook
455,46,Swades: We the People,Ratatouille,296709770344835,17377140236,17377140236,2014-12-07 20:59:46,,facebook
456,46,Jassy sekhon,The Usual Suspects,797377790313404,487680604610929,487680604610929,2014-12-07 20:59:46,,facebook
457,46,Pulp Fiction,Dil Chahta Hai,112842988801190,103117456395835,103117456395835,2014-12-07 20:59:46,,facebook
458,48,DCH Gang,Style Apna Apna,268817026482059,263263750378138,268817026482059,2014-12-07 22:23:43,,facebook
459,48,The Avengers 2,DCH Gang,407889375958236,268817026482059,268817026482059,2014-12-07 22:23:43,,facebook
460,49,Official: Hitman,Snatch,1490121737878310,103788099660327,103788099660327,2014-12-07 23:42:30,,facebook
461,49,Andaz Apna Apna,Hitman,104082752960421,103987119637684,104082752960421,2014-12-07 23:42:30,,facebook
462,49,The Notebook,Andaz Apna Apna,107563339266863,104082752960421,104082752960421,2014-12-07 23:42:30,,facebook
463,49,Hitman,Kevi Rite Jaish,103987119637684,337250619661093,337250619661093,2014-12-07 23:42:30,,facebook
464,49,Style Apna Apna,The Notebook,263263750378138,107563339266863,107563339266863,2014-12-07 23:42:30,,facebook
465,49,Kevi Rite Jaish,Official: Hitman,337250619661093,1490121737878310,337250619661093,2014-12-07 23:42:30,,facebook
466,49,Snatch,Snatch,103788099660327,162629997121827,162629997121827,2014-12-07 23:42:30,,facebook
467,49,Snatch,A Walk to Remember,162629997121827,109646279061223,162629997121827,2014-12-07 23:42:30,Direction and Story line,facebook
468,50,Chak De! India,Namaste London,109164925768622,111002812257390,111002812257390,2014-12-08 01:18:07,,facebook
469,50,Chak De India - Movie,Hello London,379023768887434,377974712248570,377974712248570,2014-12-08 01:18:07,,facebook
470,50,Hello London,Chak De! India,377974712248570,109164925768622,377974712248570,2014-12-08 01:18:07,,facebook
471,50,Namaste London,A Wednesday!,111002812257390,108102479218358,108102479218358,2014-12-08 01:18:07,,facebook
472,51,Karthikeya,Big Hero 6,272572529547417,154132781425607,272572529547417,2014-12-08 03:00:45,,facebook
473,52,Run Baby Run(2012),Ugly,307071596057200,149987285180349,307071596057200,2014-12-08 04:25:33,acting,facebook
474,52,King Kong,88 Minutes,317391334952902,219769748046121,317391334952902,2014-12-08 04:25:33,,facebook
475,52,Collateral,Inception,224790800866426,91290503700,91290503700,2014-12-08 04:25:33,,facebook
476,52,Ayalum Njanum Thammil(2012),Minority Report,295822713855891,112241738862440,295822713855891,2014-12-08 04:25:33,,facebook
477,52,Interstellar Movie,The Prestige,599055856788775,112918008719378,599055856788775,2014-12-08 04:25:33,,facebook
478,52,The Dark Knight Rises,Collateral,225034700870481,224790800866426,225034700870481,2014-12-08 04:25:33,direction,facebook
479,52,CAMEL Safari,The Island,151996474989851,228192180530905,228192180530905,2014-12-08 04:25:33,,facebook
480,52,Appleseed,The Island,112944652052578,108227605872802,112944652052578,2014-12-08 04:25:33,,facebook
481,52,Ugly,Troy,149987285180349,104122822958141,104122822958141,2014-12-08 04:25:33,direction,facebook
482,52,Minority Report,The Dark Knight Rises,112241738862440,225034700870481,112241738862440,2014-12-08 04:25:33,,facebook
483,52,Memento,Memento,285128358275044,108173215878011,285128358275044,2014-12-08 04:25:33,,facebook
484,52,The Island,Harry Potter,228192180530905,156794164312,156794164312,2014-12-08 04:25:33,,facebook
485,52,Troy,Memento,104122822958141,285128358275044,285128358275044,2014-12-08 04:25:33,,facebook
486,52,The Prestige,King Kong,112918008719378,317391334952902,317391334952902,2014-12-08 04:25:33,,facebook
487,52,Inception,Interstellar Movie,91290503700,599055856788775,91290503700,2014-12-08 04:25:33,,facebook
488,52,88 Minutes,CAMEL Safari,219769748046121,151996474989851,219769748046121,2014-12-08 04:25:33,,facebook
489,52,Memento,Ayalum Njanum Thammil(2012),108173215878011,295822713855891,295822713855891,2014-12-08 04:25:33,,facebook
490,52,The Island,Run Baby Run(2012),108227605872802,307071596057200,108227605872802,2014-12-08 04:25:33,story,facebook
491,52,Con Air,Appleseed,105610132806838,112944652052578,112944652052578,2014-12-08 04:25:33,,facebook
492,53,Batman: The Dark Knight,Rang De Basanti,12887942787,298204870269976,298204870269976,2014-12-08 06:41:28,,facebook
493,53,A Beautiful Mind,Gladiator,112317682114594,229197930430239,229197930430239,2014-12-08 06:41:28,,facebook
494,53,Gladiator,Illusionist,229197930430239,115549118459174,115549118459174,2014-12-08 06:41:28,story and screenplay,facebook
495,53,Fight Club,Catch Me If You Can,39644305296,189231947796149,39644305296,2014-12-08 06:41:28,,facebook
496,53,Filmygyan,Style Apna Apna,334718749959224,263263750378138,263263750378138,2014-12-08 06:41:28,,facebook
497,53,Rang De Basanti,Fight Club,298204870269976,39644305296,39644305296,2014-12-08 06:41:28,,facebook
498,53,The World Is Not Enough,A Beautiful Mind,109768365715377,112317682114594,109768365715377,2014-12-08 06:41:28,,facebook
499,53,Style Apna Apna,The World Is Not Enough,263263750378138,109768365715377,109768365715377,2014-12-08 06:41:28,,facebook
500,53,Gladiator,Filmygyan,104052522965312,334718749959224,104052522965312,2014-12-08 06:41:28,,facebook
501,53,Catch Me If You Can,Batman: The Dark Knight,109436175750227,12887942787,109436175750227,2014-12-08 06:41:28,story and acting,facebook
502,53,Pirates of the Caribbean,Gladiator,254445913829,104052522965312,104052522965312,2014-12-08 06:41:28,,facebook
503,53,Illusionist,Catch Me If You Can,115549118459174,109436175750227,115549118459174,2014-12-08 06:41:28,,facebook
504,54,3 Idiots Movie,Ajab Prem Ki Ghazab Kahani,441170255909978,277865635629788,441170255909978,2014-12-08 08:34:58,,facebook
505,55,First Rank Raju,Bhaya - A Psychological Thriller.,737979219596107,797479390314301,797479390314301,2014-12-08 12:45:08,,facebook
506,55,I - Vikram Movie,First Rank Raju,443799305659632,737979219596107,443799305659632,2014-12-08 12:45:08,,facebook
507,55,6-5=2,C10 H14 N2 - The Film,221014724730122,664301420344334,664301420344334,2014-12-08 12:45:08,,facebook
508,55,Bhaya - A Psychological Thriller.,The Karate Kid,797479390314301,184695207750,797479390314301,2014-12-08 12:45:08,,facebook
509,55,C10 H14 N2 - The Film,Memento,664301420344334,285128358275044,285128358275044,2014-12-08 12:45:08,,facebook
510,55,Simple aagond love story,I - Vikram Movie,260587207380623,443799305659632,260587207380623,2014-12-08 12:45:08,,facebook
511,55,Memento,Style Apna Apna,285128358275044,263263750378138,285128358275044,2014-12-08 12:45:08,,facebook
512,55,The Karate Kid,Project Lucia,184695207750,394699480546190,184695207750,2014-12-08 12:45:08,,facebook
513,55,Project Lucia,Gladiator,394699480546190,229197930430239,394699480546190,2014-12-08 12:45:08,,facebook
514,55,Style Apna Apna,Megamind,263263750378138,114097065267211,114097065267211,2014-12-08 12:45:08,,facebook
515,55,Sakkare,6-5=2,363382937057017,221014724730122,363382937057017,2014-12-08 12:45:08,,facebook
516,55,Earthlings,Sakkare,50186143870,363382937057017,363382937057017,2014-12-08 12:45:08,,facebook
517,55,RBSI -  Rajini Biggest Superstar Of India - RBSI,Earthlings,144773458899435,50186143870,144773458899435,2014-12-08 12:45:08,"Story, Direction, actors, acting",facebook
518,55,Memento,RBSI -  Rajini Biggest Superstar Of India - RBSI,108173215878011,144773458899435,144773458899435,2014-12-08 12:45:08,,facebook
519,55,Creative kanasu,Simple aagond love story,389057127870399,260587207380623,260587207380623,2014-12-08 12:45:08,,facebook
520,55,Megamind,Creative kanasu,114097065267211,389057127870399,114097065267211,2014-12-08 12:45:08,,facebook
521,32,Kung Fu Panda 2,LUCIA Kannada Movie,154377211287075,379595285502856,379595285502856,2014-12-08 14:51:52,,facebook
522,32,Django Unchained,Kung Fu Panda 2,108187262608717,154377211287075,154377211287075,2014-12-08 14:51:52,,facebook
523,32,Interstellar Movie,Inception,599055856788775,91290503700,91290503700,2014-12-08 14:51:52,,facebook
524,32,Shutter Island,Django Unchained,132294760114,108187262608717,132294760114,2014-12-08 14:51:52,,facebook
525,32,Inception,Mack,91290503700,188498867830970,91290503700,2014-12-08 14:51:52,,facebook
526,32,LUCIA Kannada Movie,Interstellar Movie,379595285502856,599055856788775,599055856788775,2014-12-08 14:51:52,Scripting and direction. An element of suspense and unexpected twists always incites my creativity.,facebook
527,56,"Jaane Tu, Jaane Na",The Twilight Saga,230262937031656,8526405673,230262937031656,2014-12-08 15:25:09,,facebook
528,56,DCH Gang,Cinderella,268817026482059,152363076192,268817026482059,2014-12-08 15:25:09,,facebook
529,56,TZP,DCH Gang,131163930317669,268817026482059,268817026482059,2014-12-08 15:25:09,,facebook
530,56,Veer-Zaara Official,Inception,150458898489106,91290503700,91290503700,2014-12-08 15:25:09,better direction,facebook
531,56,Eclipse,A Lot Like Love,276563165697438,112529185429344,112529185429344,2014-12-08 15:25:09,better story,facebook
532,56,Titanic,Kuch Kuch Hota Hai,216410885045047,329909013749416,329909013749416,2014-12-08 15:25:09,,facebook
533,56,A Lot Like Love,"Jaane Tu, Jaane Na",112529185429344,230262937031656,112529185429344,2014-12-08 15:25:09,,facebook
534,56,Cinderella,Never Back Down,152363076192,109691609057738,152363076192,2014-12-08 15:25:09,,facebook
535,56,Kal Ho Naa Ho,Titanic,335117769895306,216410885045047,335117769895306,2014-12-08 15:25:09,,facebook
536,56,Inception,Harry Potter,91290503700,156794164312,156794164312,2014-12-08 15:25:09,,facebook
537,56,American Pie,Eclipse,12604171859,276563165697438,276563165697438,2014-12-08 15:25:09,,facebook
538,56,Kuch Kuch Hota Hai,Mohabbatein - Official,329909013749416,640027462696866,329909013749416,2014-12-08 15:25:09,,facebook
539,56,Never Back Down,American Pie,109691609057738,12604171859,12604171859,2014-12-08 15:25:09,,facebook
540,56,The Twilight Saga,Kal Ho Naa Ho,8526405673,335117769895306,335117769895306,2014-12-08 15:25:09,,facebook
541,56,Mohabbatein - Official,A Walk To Remember,640027462696866,152542051476998,,2014-12-08 15:25:09,,facebook
542,56,Harry Potter,TZP,156794164312,131163930317669,156794164312,2014-12-08 15:25:09,"plotline, direction screenplay",facebook
543,57,Batman: The Dark Knight,Star Wars,12887942787,107999845895124,107999845895124,2014-12-08 16:04:27,,facebook
544,57,DCH Gang,Nemo,268817026482059,24642632550,24642632550,2014-12-08 16:04:27,,facebook
545,57,The Hobbit,One Flew Over The Cuckoo's Nest,160617097307237,309680635765274,309680635765274,2014-12-08 16:04:27,,facebook
546,57,TZP,The Incredible Hulk (2008),131163930317669,120204837994100,131163930317669,2014-12-08 16:04:27,,facebook
547,57,X-Men Movies,Gladiator,170700836293714,229197930430239,229197930430239,2014-12-08 16:04:27,,facebook
548,57,The Matrix,X-Men Movies,195843020454275,170700836293714,195843020454275,2014-12-08 16:04:27,,facebook
549,57,Fight Club,Ramayana - The Epic,39644305296,107495131625,107495131625,2014-12-08 16:04:27,,facebook
550,57,American Gangster,Batman: The Dark Knight,104525012958754,12887942787,12887942787,2014-12-08 16:04:27,,facebook
551,57,The Incredible Hulk (2008),The Matrix,120204837994100,195843020454275,195843020454275,2014-12-08 16:04:27,,facebook
552,57,Star Wars,The Hobbit,107999845895124,160617097307237,107999845895124,2014-12-08 16:04:27,,facebook
553,57,Gladiator,DCH Gang,229197930430239,268817026482059,229197930430239,2014-12-08 16:04:27,,facebook
554,57,Superbad,Wreck-It Ralph,108589339206174,217155721634610,108589339206174,2014-12-08 16:04:27,,facebook
555,57,Nemo,American Gangster,24642632550,104525012958754,24642632550,2014-12-08 16:04:27,,facebook
556,57,How to Train Your Dragon,LUCIA Kannada Movie,96698020019,379595285502856,379595285502856,2014-12-08 16:04:27,,facebook
557,57,LUCIA Kannada Movie,Superbad,379595285502856,108589339206174,379595285502856,2014-12-08 16:04:27,,facebook
558,57,Wreck-It Ralph,Winnie the Pooh,217155721634610,136775446236,217155721634610,2014-12-08 16:04:27,,facebook
559,57,Winnie the Pooh,Fight Club,136775446236,39644305296,39644305296,2014-12-08 16:04:27,everything!! ,facebook
560,57,One Flew Over The Cuckoo's Nest,How to Train Your Dragon,309680635765274,96698020019,,2014-12-08 16:04:27,,facebook
561,57,Hachiko: A Dog's Story,TZP,109568722402875,131163930317669,131163930317669,2014-12-08 16:04:27,,facebook
562,61,Luckplaying,KA The Movie,179568902145551,349078801901731,349078801901731,2014-12-09 00:58:43,,facebook
563,61,Free Movie Download,Luckplaying,157251167711922,179568902145551,179568902145551,2014-12-09 00:58:43,,facebook
564,64,The Proposal,Titanic,105542759479267,216410885045047,216410885045047,2014-12-10 22:48:03,,facebook
565,64,The Exorcist,The Ugly Truth,232430166854139,41872475652,232430166854139,2014-12-10 22:48:03,story and direction,facebook
566,64,Titanic,A Walk To Remember,216410885045047,152542051476998,152542051476998,2014-12-10 22:48:03,,facebook
567,64,A Beautiful Mind,The Proposal,251353808252087,105542759479267,105542759479267,2014-12-10 22:48:03,,facebook
568,64,YE JO Mohabbat HAI,The Exorcist,194040394023368,232430166854139,232430166854139,2014-12-10 22:48:03,,facebook
569,64,The Ugly Truth,A Beautiful Mind,41872475652,251353808252087,251353808252087,2014-12-10 22:48:03,,facebook
