id,user_id,facebook_id,movie_name,category,created_time
1,1,115081758505771,Pirates of the Caribbean 3,Movie,2014-10-25 21:12:34
2,1,12887942787,Batman: The Dark Knight,Movie,2014-10-25 21:03:45
3,1,811858478866705,Official: Fantastic Four,Movie,2014-11-01 04:38:05
4,1,150354778334078,X-Men: First Class,Movie,2014-10-25 21:13:02
5,1,21700332856,The Incredible Hulk,Movie,2014-10-25 21:03:27
6,1,82771544063,Avatar,Movie,2014-10-25 21:03:21
7,1,216410885045047,Titanic,Movie,2014-10-25 21:03:49
8,1,110131885683575,Fantastic 4,Movie,2014-10-25 21:13:22
9,1,195095360505573,Harry Potter and the Deathly Hallows Part 1,Movie,2014-10-25 21:13:04
10,1,149800431712088,Madagascar,Movie,2014-10-25 21:12:31
11,1,195972387095667,Spider-Man 3,Movie,2014-10-25 21:03:31
12,1,184695207750,The Karate Kid,Movie,2014-10-25 21:03:26
13,1,101198429956076,The Amazing Spider-Man,Movie,2014-10-25 21:03:51
14,1,12393266550,The Lion King,Movie,2014-10-25 21:03:43
15,1,55200621163,2012,Movie,2014-10-25 21:03:23
16,1,355374000182,Shrek,Movie,2014-10-25 21:03:42
17,1,112630065418677,X-Men Origins: Wolverine,Movie,2014-10-25 21:04:01
18,1,84213402434,Sherlock Holmes,Movie,2014-10-25 21:03:29
19,1,18128947058,Kung Fu Panda,Movie,2014-10-25 21:12:35
20,1,156794164312,Harry Potter,Movie,2014-10-25 21:03:06
21,2,122280464518509,Gravity,Movie,2014-11-05 00:15:28
22,2,229197930430239,Gladiator,Movie,2014-11-05 00:16:05
23,2,109392685745478,Pirates of the Caribbean: Dead Man's Chest,Movie,2014-11-05 00:16:12
24,2,225034700870481,The Dark Knight Rises,Movie,2014-11-05 00:15:50
25,2,103861706317411,3 Idiots,Movie,2011-02-15 23:23:10
26,2,195843020454275,The Matrix,Movie,2014-11-05 00:15:48
27,2,441170255909978,3 Idiots Movie,Movie,2012-05-22 12:08:33
28,2,1428080004104080,Bollytweets,Entertainment website,2014-03-10 20:35:31
29,2,162971073727950,Transformers: Dark of the Moon,Movie,2014-11-05 00:16:16
30,2,121996837865544,Agneepath,Movie,2011-08-28 19:39:35
31,3,186476191384558,Men In Black II,Movie,2014-11-04 22:16:24
32,3,15294801701,Finding Nemo,Movie,2014-11-04 22:16:14
33,3,118194755634,Up,Movie,2014-11-04 22:16:39
34,3,17377140236,Ratatouille,Movie,2014-11-04 22:16:25
35,3,113771411967031,Shrek 2,Movie,2014-11-04 22:16:29
36,3,233224836695428,Scary Movie,Movie,2014-11-04 22:16:36
37,3,21700332856,The Incredible Hulk,Movie,2014-11-04 22:16:38
38,3,135585689798863,Pirates of the Caribbean: On Stranger Tides,Movie,2014-11-04 22:16:33
39,4,239133896673,Munnabhai Chale Amerika,Movie,2010-01-20 19:48:24
40,4,268817026482059,DCH Gang,Movie,2011-10-17 21:32:13
41,4,664301420344334,C10 H14 N2 - The Film,Movie,2014-10-31 03:59:08
42,4,156071357820655,Rang De Basanti,Movie,2012-02-27 21:03:06
43,4,12887942787,Batman: The Dark Knight,Movie,2009-01-29 12:51:50
44,4,23303421143,A Wednesday-the film,Movie,2009-02-03 13:40:19
45,4,53180527367,Slumdog Millionaire,Movie,2011-03-10 00:19:43
46,4,74089565764,The Hangover,Movie,2010-01-05 11:24:16
47,4,12604171859,American Pie,Movie,2009-01-19 22:35:04
48,4,379595285502856,LUCIA Kannada Movie,Movie,2013-09-30 09:20:20
49,4,131979643563672,Latest Bollywood Songs,Movie,2014-06-23 02:54:20
50,4,176228295759291,Zindagi Na Milegi Dobara,Movie,2011-07-25 11:19:06
51,5,109534742399678,50 First Dates,Movie,2014-11-09 05:05:06
52,5,233266853464840,Dilwale Dulhania Le Jayenge - Official,Movie,2014-11-09 05:05:31
53,5,122280464518509,Gravity,Movie,2014-11-09 05:05:19
54,5,79203305680,17 Again,Movie,2014-11-09 05:06:00
55,5,150458898489106,Veer-Zaara Official,Movie,2014-11-09 05:05:50
56,5,35312278675,Bride Wars,Movie,2014-11-09 05:05:27
57,5,152542051476998,A Walk To Remember,Movie,2014-11-09 05:04:59
58,5,482368755113431,Frozen,Movie,2014-11-09 05:05:13
59,5,106602966061813,Black Swan,Movie,2014-11-09 05:05:02
60,5,74089565764,The Hangover,Movie,2014-11-09 05:05:41
61,5,368938496503181,The Proposal,Movie,2014-11-09 05:05:48
62,5,41872475652,The Ugly Truth,Movie,2014-11-09 05:05:44
63,5,133171480093852,The Ring,Movie,2014-11-09 05:05:08
64,5,107315332680159,Hitch,Movie,2014-11-09 05:06:25
65,6,225105910930642,Wedding Crashers,Movie,2012-05-02 22:56:15
66,6,108111052549869,Wedding Crashers,Movie,2010-06-17 09:41:04
67,6,195843020454275,The Matrix,Movie,2011-05-18 11:35:41
68,6,113401482006986,The Matrix,Movie,
69,6,155307641244611,Old School,Movie,2012-01-08 16:54:55
70,6,12500648763,Step Brothers,Movie,2011-03-17 23:59:26
71,6,39644305296,Fight Club,Movie,2010-07-28 02:24:27
72,6,107708005925966,Old School,Movie,2010-07-28 02:24:23
73,7,10498014129,Toy Story,Movie,2014-11-09 05:13:22
74,7,12887942787,Batman: The Dark Knight,Movie,2014-11-09 05:15:21
75,7,12393266550,The Lion King,Movie,2013-03-12 04:19:28
76,7,212216417436,The Lord of the Rings Trilogy,Movie,2014-11-09 05:14:44
77,7,111685325514787,Monty Python and the Holy Grail,Movie,2011-04-09 05:17:15
78,6,149754391717284,Anchorman,Movie,2014-11-09 05:18:54
79,6,105742379466221,Bourne Ultimatum,Movie,2014-11-09 05:17:57
80,6,159746560708670,The Hunger Games,Movie,2014-11-09 05:16:05
81,6,163042800417248,I Am Legend,Movie,2014-11-09 05:16:03
82,6,91290503700,Inception,Movie,2014-11-09 05:17:55
83,6,401640156527419,Dodgeball,Movie,2014-11-09 05:19:36
84,6,112896718725157,Talladega Nights: The Ballad of Ricky Bobby,Movie,2014-11-09 05:19:03
85,6,442962972411793,Catching Fire Movie,Movie,2014-11-09 05:18:04
86,6,212216417436,The Lord of the Rings Trilogy,Movie,2014-11-09 05:18:00
87,8,12887942787,Batman: The Dark Knight,Movie,2014-10-25 21:04:02
88,8,811858478866705,Official: Fantastic Four,Movie,2014-11-01 04:48:11
89,8,122352024462380,Captain America,Movie,2014-10-25 21:04:04
90,8,110131885683575,Fantastic 4,Movie,2014-10-28 04:41:36
91,8,243645259169395,Batman v Superman: Dawn of Justice,Movie,2014-10-25 21:04:06
92,8,280808081937245,Jupiter Ascending,Movie,2014-10-25 21:04:12
93,8,355374000182,Shrek,Movie,2014-10-25 21:37:18
94,8,547898971970158,Interstellar,Movie,2014-05-17 17:34:26
95,8,82771544063,Avatar,Movie,2014-10-25 21:04:13
96,8,162936223795683,Jump Street Movies,Movie,2014-10-25 21:04:15
97,8,106100379420928,Azad (film),Movie,2010-11-30 15:19:26
98,9,268817026482059,DCH Gang,Movie,2011-10-18 00:01:11
99,9,134739203328846,Prayschit,Movie,2012-05-30 19:15:24
100,9,20034039910,"""Harry Potter and the Deathly Hallows""",Community,2009-03-24 19:15:33
101,9,8452574190,Blood Diamond,Movie,2009-02-04 20:45:08
102,9,7057882289,Iron Man,Movie,2009-07-28 12:04:37
103,9,112173025466455,Kick-Ass,Movie,2010-07-14 10:30:29
104,9,91290503700,Inception,Movie,2010-08-12 17:24:42
105,9,74089565764,The Hangover,Movie,2010-01-05 15:35:59
106,9,298282330211610,Sound City Movie,Movie,2012-10-19 10:38:12
107,9,180774635291325,Transformers,Movie,2011-02-15 16:35:16
108,9,6806293649,21,Movie,2010-05-29 22:41:13
109,10,74089565764,The Hangover,Movie,2010-10-04 17:31:48
110,10,546225862145538,The Illusionist,Movie,2014-10-08 13:08:50
111,10,109646279061223,A Walk to Remember,Movie,
112,10,109741942385743,Changeling,Movie,2011-07-24 09:12:43
113,10,108323319191632,Nights in Rodanthe,Movie,2011-02-16 13:24:54
114,10,107563339266863,The Notebook,Movie,
115,10,441170255909978,3 Idiots Movie,Movie,2012-05-23 04:44:21
116,10,106266986076412,Prestige,Movie,2010-09-09 22:00:31
117,10,124703400953760,The Departed,Movie,2013-02-05 17:53:21
118,10,418142181581677,Shutter Island,Movie,2012-09-13 06:48:54
119,10,109500505734598,The Dark Knight,Movie,2010-09-27 19:51:20
120,10,144258942282205,The Fighter,Movie,2013-02-05 17:54:09
121,10,254445913829,Pirates of the Caribbean,Movie,2011-10-08 22:58:27
122,10,285128358275044,Memento,Movie,2012-11-29 14:41:05
123,10,39644305296,Fight Club,Movie,2010-11-20 23:13:31
124,10,189231947796149,Catch Me If You Can,Movie,2013-02-05 17:54:34
125,10,94289470471,300,Movie,2010-11-20 23:13:42
126,10,6806293649,21,Movie,2013-02-05 17:54:07
127,10,251696466061,Kamyab nahi kaabil hone ke liye padho .... kamyabi jhak maarke pichhe ayegi,Just for fun,2011-03-01 09:32:51
128,10,158145744203822,All Good Things,Movie,2012-06-09 06:19:25
129,10,12887942787,Batman: The Dark Knight,Movie,2011-03-17 09:39:27
130,10,268817026482059,DCH Gang,Movie,2013-02-05 17:53:03
131,10,131804703563360,Saving Private Ryan,Movie,2013-02-05 17:54:06
132,10,112063545476650,Swordfish,Movie,2011-05-22 13:15:04
133,10,206190329408695,Seven,Movie,2013-02-05 17:53:51
134,10,625885797465196,Epic Movie Dialogues,Movie,2014-04-12 09:02:40
135,10,91290503700,Inception,Movie,2010-11-25 22:04:44
136,10,191457994228848,V For Vendetta,Movie,2013-02-05 17:54:29
137,10,204558349574109,The Notebook,Movie,2011-05-18 12:28:42
138,10,174141142637496,Ocean's Eleven (2001),Movie,2013-02-05 17:55:15
139,10,114198018660591,Troy,Movie,2013-02-05 17:53:45
140,10,18128947058,Kung Fu Panda,Movie,2010-09-27 19:50:48
141,10,242643169055,Hereafter,Movie,2011-03-04 11:12:56
142,10,105574909476929,Unfaithful,Movie,2011-09-19 14:22:55
143,10,142077702491992,The Next Three Days,Movie,2011-08-07 21:57:58
144,10,58168456696,Team Twilight,Movie,2011-02-27 13:05:25
145,10,108173215878011,Memento,Movie,2011-02-06 22:06:30
146,10,225034700870481,The Dark Knight Rises,Movie,2013-02-05 17:55:03
147,10,150444495003892,Limitless,Movie,2011-07-24 09:12:13
148,10,251353808252087,A Beautiful Mind,Movie,2013-02-05 17:53:49
149,10,103636093053996,The Shawshank Redemption,Movie,2012-11-21 07:29:54
150,10,132294760114,Shutter Island,Movie,2013-02-05 17:53:06
151,10,106602966061813,Black Swan,Movie,2013-02-05 17:53:52
152,10,112854815395363,The Illusionist,Movie,2011-02-06 22:01:54
153,10,106085182756824,The Bourne Identity,Movie,2010-09-27 19:51:25
154,10,204484616255526,A.I. Artificial Intelligence,Movie,2012-11-04 10:14:48
155,10,84213402434,Sherlock Holmes,Movie,2013-02-05 17:53:18
156,10,35481394342,The Godfather,Movie,2010-09-27 19:50:58
157,10,103100933063455,All Good Things,Movie,2011-03-05 11:45:34
158,10,212216417436,The Lord of the Rings Trilogy,Movie,2013-02-05 17:53:19
159,10,180774635291325,Transformers,Movie,2013-02-05 17:54:02
160,10,116538878495183,The Best Movie Lines,Movie,2014-03-24 16:25:30
161,10,152542051476998,A Walk To Remember,Movie,2013-02-05 17:54:40
162,10,160640653979986,The Social Network Movie,Movie,2013-02-05 17:53:29
163,10,111767455506708,The Damned United,Movie,2011-07-27 18:30:43
164,10,170700836293714,X-Men Movies,Movie,2013-02-05 17:54:04
165,10,7057882289,Iron Man,Movie,2010-11-20 23:13:26
166,10,706054532797482,Requiem for a Dream,Movie,2014-07-31 21:49:48
167,10,272832346113356,Nights in Rodanthe,Movie,2012-01-18 23:27:57
168,10,104052522965312,Gladiator,Movie,
169,10,104054269631460,Requiem for a Dream,Movie,2011-04-15 18:57:34
170,10,106527789383680,Shawshank Redemption,Movie,2010-09-27 19:39:34
171,10,270106119696186,Bourne,Movie,2011-10-24 19:36:21
172,8,91290503700,Inception,Movie,2014-11-09 05:58:47
173,12,91290503700,Inception,Movie,2010-07-23 21:12:00
174,12,24098842630,Fast & Furious,Movie,2014-11-11 08:42:59
175,12,96787126667,Alice in Wonderland,Movie,2014-11-11 08:43:00
176,14,194141419557,I actually find Chandler's jokes funny,Community,2011-04-22 21:38:09
177,14,317391334952902,King Kong,Movie,2011-12-23 05:19:15
178,14,112518935430579,Man of the Year,Movie,2010-04-23 16:06:21
179,14,15294801701,Finding Nemo,Movie,2010-04-23 16:06:22
180,14,110886562266831,Lucky Number Sleven,Movie,2010-04-23 16:06:21
181,14,209805225836672,House of Sand and Fog,Movie,2013-08-08 04:07:56
182,14,104015229635090,Boys (2003 film),Movie,2010-04-23 16:06:21
183,14,107920642569197,Behind Enemy Lines,Movie,2010-04-23 16:06:21
184,14,24098842630,Fast & Furious,Movie,2013-05-04 13:33:24
185,14,103749379663834,House of Sand and Fog,Movie,2010-04-23 16:06:21
186,14,111755788841544,Miracle,Movie,2010-04-23 16:06:22
187,14,169299103121699,Star Wars,Movie,
188,14,110891525602063,Battlestar Galactica (film),Movie,2010-04-23 16:06:21
189,14,128006210604362,Van Helsing,Movie,2011-03-23 19:29:35
190,14,103990509637581,The Lord of the Rings film trilogy,Movie,2010-04-23 16:06:22
191,14,39644305296,Fight Club,Movie,2014-01-12 10:03:45
192,14,30382852317,?? Jackie Chan,Actor/director,2011-08-26 08:14:27
193,14,105467552820880,Night at the Museum,Movie,2010-04-23 16:06:21
194,14,103070923066176,2 Fast 2 Furious,Movie,2010-04-23 16:06:19
195,14,189231947796149,Catch Me If You Can,Movie,2011-07-01 05:50:57
196,14,107629399260396,The Terminator,Movie,2010-04-23 16:06:22
197,14,107454359277006,Van Helsing,Movie,2010-04-23 16:06:24
198,14,18128947058,Kung Fu Panda,Movie,2009-02-11 16:10:32
199,14,107999845895124,Star Wars,Movie,
200,14,110690592286422,Animated Movies,Tv genre,2010-04-23 16:06:22
201,14,110199582342463,Final Destination,Movie,2014-04-02 18:40:48
202,14,112693952075544,Rush Hour,Movie,2010-04-23 16:06:22
203,14,175613445822691,The Last Samurai,Movie,2011-06-01 07:53:33
204,14,109436175750227,Catch Me If You Can,Movie,2010-04-23 16:06:22
205,14,191140214238741,Spider-Man,Movie,2011-03-12 14:38:40
206,14,162564747125805,8 Mile,Movie,2011-03-09 23:50:35
207,14,114198018660591,Troy,Movie,2011-05-19 05:51:15
208,14,108066455888707,Running Scared,Movie,2010-04-23 16:06:21
209,14,113083312038596,The Last Samurai,Movie,2010-04-23 16:06:26
210,14,91290503700,Inception,Movie,2010-07-19 15:19:40
211,14,105582276141626,Casino Royale,Movie,2010-04-23 16:06:26
212,14,317928348241564,Ted,Movie,2014-05-27 21:36:17
213,14,108163045871885,8 Mile,Movie,2010-04-23 16:06:23
214,14,106068599424853,Zathura,Movie,2010-04-23 16:06:22
215,14,102788873090907,Children of Men,Movie,2010-04-23 16:06:21
216,14,112235312126431,Jackie Chan,Public figure,
217,14,142656362465441,Children of Men,Movie,2011-07-06 15:48:00
218,14,225034700870481,The Dark Knight Rises,Movie,2012-08-05 21:03:51
219,14,113117622036562,Zoom (film),Movie,2010-04-23 16:06:21
220,14,108425375849213,Torque,Movie,2010-04-23 16:06:19
221,14,104122822958141,Troy,Movie,2010-04-23 16:06:25
222,14,107330159345130,Zathura,Movie,2011-02-23 08:50:31
223,14,108213189199750,P.S. I Love You,Movie,2010-08-12 18:59:28
224,14,200567473298408,Rush Hour,Movie,2011-06-01 18:26:27
225,14,212216417436,The Lord of the Rings Trilogy,Movie,2011-03-03 10:35:24
226,14,152542051476998,A Walk To Remember,Movie,2013-05-30 13:19:52
227,14,105618956138236,King Kong,Fictional character,2010-04-23 16:06:22
228,14,111848228832068,Avatar,Movie,
229,14,115058325176059,Spiderman,Movie,2010-04-23 16:06:22
230,14,599354383479469,Behind Enemy Lines,Movie,2014-02-25 08:10:30
231,14,108742599150970,Into the Blue,Movie,2010-04-23 16:06:22
232,15,229197930430239,Gladiator,Movie,2014-11-21 07:34:33
233,15,329909013749416,Kuch Kuch Hota Hai,Movie,2014-11-21 07:32:18
234,15,368938496503181,The Proposal,Movie,2014-11-21 07:35:05
235,15,224332791564,Rocky,Movie,2014-11-21 07:31:35
236,15,109256762425583,Seducing Mr. Perfect,Movie,2014-11-21 07:35:13
237,15,105458649488033,Happy Days,Movie,2014-11-21 07:33:26
238,15,18128947058,Kung Fu Panda,Movie,2014-11-21 07:32:09
239,15,108357255855637,Peaceful Warrior,Movie,2014-11-21 07:32:00
240,15,225034700870481,The Dark Knight Rises,Movie,2014-11-21 07:34:20
241,15,117124431723243,Serendipity,Movie,2014-11-21 07:32:27
242,15,109469595745998,Confessions of a Shopaholic,Movie,2010-09-08 17:25:04
243,15,220797768075488,Before Sunrise,Movie,2014-04-10 03:25:27
244,15,246344278767961,Batman Begins,Movie,2014-11-21 07:34:17
245,15,160640653979986,The Social Network Movie,Movie,2011-02-16 11:59:34
246,15,17377140236,Ratatouille,Movie,2014-11-21 07:35:24
247,15,126757470715601,Avengers,Movie,2014-11-21 07:34:29
248,15,68003267181,Orphan,Movie,2014-11-21 07:31:48
249,15,108046285890083,Konchem Ishtam Konchem Kashtam,Movie,2014-11-21 07:33:09
250,15,104085552961607,Godavari,Movie,2014-11-21 07:33:39
251,15,110805862281668,Pursuit of Happyness,Movie,2010-05-14 21:50:32
252,15,107575252605631,Bommarillu,Movie,2014-11-21 07:33:16
253,15,110431812312007,Anand,Movie,2014-11-21 07:33:31
254,15,156794164312,Harry Potter,Movie,2014-11-21 07:32:48
255,16,113242012023271,Toy Story 3,Movie,2014-11-21 07:33:30
256,16,12887942787,Batman: The Dark Knight,Movie,2008-12-01 22:14:07
257,16,317928348241564,Ted,Movie,2014-11-21 07:34:47
258,16,122352024462380,Captain America,Movie,2014-11-21 07:34:16
259,16,168169803229342,Men In Black,Movie,2014-11-21 07:34:12
260,16,24098842630,Fast & Furious,Movie,2014-11-21 07:31:51
261,16,327836155819,Real Steel,Movie,2014-11-21 07:33:50
262,16,135585689798863,Pirates of the Caribbean: On Stranger Tides,Movie,2014-11-21 07:34:52
263,16,149800431712088,Madagascar,Movie,2014-11-21 07:33:32
264,16,160640653979986,The Social Network Movie,Movie,2011-01-12 17:40:34
265,16,457071544317264,World War Z,Movie,2014-11-21 07:33:44
266,16,31159065182,Cars,Movie,2014-11-21 07:33:45
267,16,36193850318,What Happens In Vegas,Movie,2009-02-01 20:55:35
268,16,150354778334078,X-Men: First Class,Movie,2014-11-21 07:33:55
269,16,18128947058,Kung Fu Panda,Movie,2014-11-21 07:34:54
270,16,105460422821089,The Social Network,Movie,2010-12-08 17:28:37
271,16,180774635291325,Transformers,Movie,2014-11-21 07:33:53
272,17,103744862998017,The Bourne Identity,Movie,2014-11-21 08:07:31
273,17,407617302597394,You've Got Mail,Movie,2014-11-21 08:00:08
274,17,104093616294591,Pearl Harbor,Movie,2014-11-21 08:00:27
275,17,264315306995027,Gone With The Wind,Movie,2014-11-21 08:04:57
276,17,112017685480774,The Ghost and the Darkness,Movie,2014-11-21 08:06:13
277,17,101898169852566,Inglorious Basterds,Movie,2014-11-21 08:04:33
278,17,215328615157408,Breakfast at Tiffany's,Movie,2014-11-21 08:00:43
279,17,109436175750227,Catch Me If You Can,Movie,2014-11-21 08:03:15
280,17,109515715734415,Runaway Bride,Movie,2014-11-21 08:02:30
281,17,96698020019,How to Train Your Dragon,Movie,2014-11-21 08:09:11
282,17,251353808252087,A Beautiful Mind,Movie,2014-11-21 08:05:54
283,17,109887225704185,October Sky,Movie,2014-11-21 08:00:59
284,17,400024903412192,Pursuit of Happyness,Movie,2014-11-21 08:03:32
285,17,118194755634,Up,Movie,2014-11-21 08:09:05
286,17,571601889534616,When Harry Met Sally,Movie,2014-11-21 08:05:10
287,17,106520992716808,Princess Diaries,Movie,2014-11-21 08:02:18
288,17,106325859403023,Harry Potter and the Deathly Hallows: Part II,Movie,2014-11-21 08:01:45
289,17,105634886138092,12 Angry Men,Movie,2014-11-21 08:01:11
290,17,105742379466221,Bourne Ultimatum,Movie,2014-11-21 08:07:19
291,17,114921098524904,Die Hard 4,Movie,2014-11-21 08:05:22
292,17,599909380052904,Man From Earth,Movie,2014-11-21 08:06:27
293,17,105427566156282,The Bourne Supremacy,Movie,2014-11-21 08:07:25
294,18,118044381262,The Adjustment Bureau,Movie,2010-09-24 19:50:03
295,18,173433689340252,No Strings Attached,Movie,2010-11-09 00:56:41
296,18,8907712172,Into the Wild,Community,2010-05-08 20:50:27
297,18,118976908122157,Hotel Hollywood,Movie,2010-10-05 11:26:46
298,18,55200621163,2012,Movie,2009-11-14 22:08:24
299,18,105599542806800,Tears of the Sun,Movie,2010-05-08 22:21:53
300,18,112953695382612,Miss Congeniality,Movie,2010-05-08 22:21:58
301,18,281617014932,The Japanese Wife,Movie,2010-03-05 23:39:56
302,18,166569436686716,Friends with Benefits,Movie,2011-03-17 13:59:21
303,18,22782197319,Night at the Museum 2,Movie,2009-08-01 23:02:29
304,18,216459211764969,Creating Freedom,Movie,2012-04-16 03:07:12
305,18,210702582273745,30 Minutes Or Less,Movie,2011-06-26 11:54:13
306,18,267077191900,VALENTINES DAY THE MOVIE (2010),Community,2010-02-10 20:30:09
307,18,242500958501,"Waiting for ""Superman""",Movie,2010-09-24 19:49:41
308,18,18927034822,College,Movie,2010-03-01 01:00:51
309,18,105460422821089,The Social Network,Movie,2010-07-16 22:24:05
310,18,140328802655685,Bad Teacher,Movie,2011-06-26 23:05:42
311,18,546225862145538,The Illusionist,Movie,2014-10-08 13:03:38
312,18,105686579466086,The Butterfly Effect,Movie,2010-05-08 20:53:39
313,18,135926023097382,The Social Network,Movie,2010-10-20 03:03:28
314,18,91290503700,Inception,Movie,2010-07-14 13:40:14
315,18,229986050475716,Miss Congeniality,Movie,2013-03-29 03:51:18
316,18,18128947058,Kung Fu Panda,Movie,2010-12-21 20:21:45
317,18,111849862165426,Constantine,Movie,2010-05-08 22:21:56
318,18,115116961836551,National Treasure 2,Movie,2010-07-22 11:59:23
319,18,74089565764,The Hangover,Movie,2010-01-05 14:46:26
320,18,142656362465441,Children of Men,Movie,2011-07-05 20:14:50
321,18,398526576833258,"Dude, Where's My Car?",Movie,2012-04-21 19:08:16
322,18,112854815395363,The Illusionist,Movie,2010-05-08 22:21:55
323,18,135476183646,Valentine's Day,Movie,2011-04-04 22:50:03
324,18,300269803925,Karthik Calling Karthik,Movie,2010-02-20 22:44:19
325,18,112534742091328,National Treasure,Movie,2010-05-08 18:53:22
326,18,113740267329,"Yes Madam, Sir",Movie,2011-09-04 22:30:32
327,18,228419920656059,FALTU,Movie,2013-10-25 02:43:41
328,18,9020504867,50 first dates,Movie,2010-02-09 21:02:08
329,18,160640653979986,The Social Network Movie,Movie,2011-01-12 16:56:19
330,18,41872475652,The Ugly Truth,Movie,2010-11-01 21:35:15
331,18,343497729002344,In Bruges,Movie,2012-01-20 11:36:26
332,18,106104889420995,Post Grad,Movie,2010-07-24 23:25:56
333,18,706054532797482,Requiem for a Dream,Movie,2014-07-31 21:37:06
334,18,115941171284,The Lovely Bones,Movie,2011-08-31 18:38:04
335,18,104054269631460,Requiem for a Dream,Movie,2010-05-08 20:50:21
336,18,105191147628,LOVE AAJ KAL,Fictional character,2009-08-18 19:42:26
337,18,215380638665932,Constantine,Tv show,2014-08-15 07:06:09
338,18,104151576287633,"Dude, Where's My Car?",Movie,2010-05-08 20:35:27
339,18,205695489441687,Dear White People,Movie,2014-09-20 05:04:27
340,18,177888132258586,The Butterfly Effect,Movie,2011-05-18 10:29:10
341,19,101891889852950,Varanam Aayiram,Movie,2012-06-02 05:03:22
342,19,181894861866102,MoneyBall,Movie,2012-10-28 16:01:22
343,19,204430826236406,Top Gun,Movie,2012-12-24 15:27:26
344,19,107566302606873,Twilight (2008 film),Movie,2011-07-24 19:10:04
345,19,160640653979986,The Social Network Movie,Movie,2012-10-28 16:01:02
346,19,421592124536646,Neethaane En Ponvasantham,Community,2012-12-19 16:57:34
347,19,139195819664,Prince of Persia: The Sands of Time,Movie,2011-11-28 15:27:12
348,19,109573692402522,August Rush,Movie,2011-07-24 19:10:04
349,19,225034700870481,The Dark Knight Rises,Movie,2012-07-21 16:55:40
350,19,91290503700,Inception,Movie,2012-08-13 18:27:23
351,19,352863808101325,Kabhi Khushi Kabhie Gham,Movie,2012-06-13 08:37:05
352,19,273896639332607,August Rush,Movie,2012-01-08 01:17:01
353,19,1472980222948290,Varanam Aayiram.,Movie,2014-07-19 03:40:42
354,20,105475782818131,Hamsageethe,Movie,2010-08-27 21:29:58
355,20,112269815451069,Valkyrie,Movie,2010-09-12 13:59:20
356,20,36151163682,Valkyrie,Movie,2012-01-24 04:43:06
357,20,247282041954910,Ocean's Eleven,Movie,2013-08-14 07:04:40
358,20,103131766394504,Seven,Movie,2010-10-04 20:49:00
359,20,105506929484028,Ocean's Eleven,Movie,2010-09-05 17:42:20
360,20,206190329408695,Seven,Movie,2011-06-01 20:07:14
361,20,441170255909978,3 Idiots Movie,Movie,2012-05-12 21:50:24
362,20,109436175750227,Catch Me If You Can,Movie,2010-09-02 14:47:02
363,20,91290503700,Inception,Movie,2010-08-15 13:22:34
364,20,108413992520053,Naayi Neralu,Movie,2010-09-25 17:18:57
365,20,174141142637496,Ocean's Eleven (2001),Movie,2011-05-18 08:17:12
366,20,494036635360,IF MR BEAN WAS EDWARD IN TWILIGHT HE WOULD LOOK LIKE THIS!!,Community,2010-09-17 21:44:51
367,20,189231947796149,Catch Me If You Can,Movie,2011-07-01 09:12:15
368,20,6806293649,21,Movie,2010-09-26 21:10:53
369,21,184695207750,The Karate Kid,Movie,2014-04-06 05:35:47
370,21,18128947058,Kung Fu Panda,Movie,2014-11-04 10:01:23
371,21,191584114216384,Alvin and the Chipmunks,Movie,2014-04-06 05:35:50
372,13,108121322549934,The Terminal,Movie,2010-12-10 21:53:27
373,13,113547575322620,"Lock, Stock and Two Smoking Barrels",Movie,2010-12-10 21:53:27
374,13,110051375738010,"Lock, Stock and Two Smoking Barrels",Movie,2011-03-23 08:54:06
375,13,112317682114594,A Beautiful Mind,Movie,2010-11-14 14:06:19
376,13,111766602173227,The Sixth Sense,Movie,2010-11-19 23:38:27
377,13,112918008719378,The Prestige,Movie,2010-11-19 23:38:27
378,13,91290503700,Inception,Movie,2011-07-14 19:56:07
379,13,191457994228848,V For Vendetta,Movie,2011-07-14 19:56:07
380,13,112315595447687,Masoom,Movie,2013-01-05 00:25:20
381,13,797290310335339,The Prestige,Movie,2014-07-31 21:29:36
382,13,114766948538699,Catch Me if U Can,Movie,2010-12-10 21:53:28
383,24,1482270528702340,Dil Chahta Hai,Community,2014-09-17 22:40:58
384,24,797377790313404,Jassy sekhon,Public figure,2014-09-16 21:31:05
385,24,103117456395835,Dil Chahta Hai,Movie,2013-08-08 02:24:43
386,24,108286895860238,Step Up 2: The Streets,Movie,2011-07-24 22:34:04
387,24,104880924318,The Blind Side,Movie,2011-07-24 22:34:07
388,24,109568722402875,Hachiko: A Dog's Story,Movie,2011-07-24 22:34:02
389,24,105636212804436,Source Code,Movie,2011-07-24 22:34:07
390,24,103130849727085,Mission: Impossible,Movie,2010-05-03 09:02:51
391,24,441170255909978,3 Idiots Movie,Movie,2012-05-22 10:14:56
392,24,106059130632,The Last Airbender,Movie,2011-07-24 22:34:04
393,24,108630589167658,Terminator 3,Movie,2010-05-03 09:02:51
394,24,209288649109233,Taken,Movie,2011-07-24 22:34:01
395,24,6806293649,21,Movie,2010-10-26 19:13:47
396,24,268817026482059,DCH Gang,Movie,2011-10-17 23:49:42
397,24,152756901432744,Terminator 2 (T2),Movie,2010-12-14 13:32:18
398,24,110698602287843,Terminator 1,Movie,2010-05-03 09:02:51
399,24,344460080577,The Sorcerer's Apprentice,Movie,2011-07-24 22:34:03
400,24,112918008719378,The Prestige,Movie,2011-07-24 22:34:06
401,24,113621311981982,The Illusionist (2006 film),Movie,2011-07-24 22:34:06
402,24,113904648625083,Terminator2,Movie,2010-05-03 09:02:51
403,24,156071357820655,Rang De Basanti,Movie,2011-10-17 22:48:29
404,24,160048640673314,13 Assassins,Movie,2012-05-31 21:57:04
405,24,137794519567757,The Social Network,Movie,2011-07-24 22:34:03
406,24,103759589663064,Machete,Movie,2011-07-24 22:34:01
407,24,290487762729,Mission: Impossible,Movie,2011-09-29 00:21:10
408,24,334718749959224,Filmygyan,Entertainer,2014-06-19 07:27:56
409,24,93563619387,Step Up Movie,Movie,2012-04-14 17:01:21
410,24,132294760114,Shutter Island,Movie,2011-07-24 22:34:08
411,24,101553339883229,Legend of the Guardians: The Owls of Ga'Hoole,Movie,2011-07-24 22:34:02
412,24,797290310335339,The Prestige,Movie,2014-07-31 21:21:40
413,24,109513139067580,Rang De Basanti,Movie,2010-05-03 09:02:51
414,24,112185402130400,88 minutes,Movie,2011-07-24 22:34:08
415,24,176228295759291,Zindagi Na Milegi Dobara,Movie,2011-07-24 22:34:05
416,24,140501999314987,Battle: Los Angeles,Movie,2011-07-24 22:34:03
417,24,150576308338058,13 Assassins,Movie,2011-07-24 22:34:03
418,24,458993734171141,Terminator 3: Rise of the Machines,Movie,2013-03-28 06:55:10
419,24,103861706317411,3 Idiots,Movie,2010-10-21 20:35:00
420,24,111763862174288,Mission: Impossible II,Movie,2010-05-03 09:02:52
421,24,112061162142517,Step Up,Movie,2011-07-24 22:34:04
422,24,108020865885116,Mission: Impossible III,Movie,2010-05-03 09:02:52
423,24,109481069078483,Armageddon,Movie,2011-07-24 22:34:02
424,24,102164283159346,The 13th Floor,Movie,2010-10-26 19:13:47
425,24,156794164312,Harry Potter,Movie,2011-07-24 22:34:05
426,1,159991337403488,Am�lie,Movie,2014-12-06 02:31:39
427,25,101891889852950,Varanam Aayiram,Movie,2010-05-27 20:12:40
428,25,108512945846892,Legend of Bhagat Singh,Movie,2010-05-27 20:12:37
429,25,265477991648,Michael Madana Kamarajan,Movie,2010-08-29 16:57:21
430,25,814180641966052,Mithun Chakraborty,Politician,2014-09-19 06:43:48
431,25,351102621596117,Bhaag Milkha Bhaag,Movie,2013-05-25 12:22:38
432,25,263903657057997,Guardians of the Galaxy,Movie,2014-11-04 13:12:45
433,25,351447472685,South Indian Films,Movie,2011-11-01 21:18:51
434,25,109513139067580,Rang De Basanti,Movie,2010-05-27 20:12:37
435,25,103803446325124,Mithun Chakraborty,Actor/director,2010-05-27 20:12:37
436,25,113257812021241,Lagaan,Movie,2010-05-27 20:12:38
437,25,53325039139,Vinnaithandi Varuvaaya,Movie,2010-11-26 00:07:49
438,25,24098842630,Fast & Furious,Movie,2011-10-14 23:41:18
439,25,109500505734598,The Dark Knight,Movie,2010-05-27 21:34:43
440,25,104001449636225,The Legend of Bhagat Singh,Movie,2013-05-12 15:30:39
441,25,109107069114995,Schindler's List,Movie,2010-05-27 20:12:39
442,25,107860392569604,The Pursuit of Happyness,Movie,2012-10-20 02:55:51
443,25,12887942787,Batman: The Dark Knight,Movie,2011-03-17 14:40:26
444,25,147659725295525,Delhi Belly,Movie,2011-07-03 22:42:23
445,25,112329522112947,Mujhse Shaadi Karogi,Movie,2010-05-27 20:12:38
446,25,108019442564382,Kya Kool Hai Hum,Movie,2010-05-29 20:02:06
447,25,104082752960421,Andaz Apna Apna,Movie,2010-05-29 20:02:06
448,25,12604171859,American Pie,Movie,2010-05-27 20:12:39
449,25,108132445873776,Harry and the Hendersons,Movie,2012-08-24 21:40:59
450,25,202396106505502,Schindler's List,Movie,2011-11-29 22:25:01
451,25,104104596291788,Khakee,Movie,2010-05-29 20:02:06
452,25,105546269477899,Anniyan,Movie,2010-05-27 20:12:40
453,25,109737309051984,The Da Vinci Code (film),Movie,2010-08-17 22:39:39
454,25,363455152961,Dhamal,Movie,2010-05-27 20:12:38
455,25,503533016404749,Dhoom The Series,Movie,2013-09-25 15:41:27
456,25,191140214238741,Spider-Man,Movie,2011-03-12 20:10:51
457,25,109645342395322,Dasavathaaram,Movie,2010-05-27 20:12:36
458,25,339480949464553,Gone Girl,Movie,2014-11-04 14:32:40
459,25,106062409425530,The Hangover,Movie,2010-05-27 20:12:39
460,25,108093555882140,Panchathantiram,Movie,2010-05-27 20:12:40
461,25,396356600454902,Krrish 3,Movie,2013-08-27 20:47:15
462,25,1472980222948290,Varanam Aayiram.,Movie,2014-07-19 03:45:16
463,25,379023768887434,Chak De India - Movie,Movie,2013-08-15 12:44:45
464,25,105467152819528,Dhoom,Movie,2010-05-27 20:12:38
465,25,105557982809906,Koi... Mil Gaya,Movie,2010-05-27 20:12:38
466,25,108284975862167,The Fast and the Furious (film series),Movie,2010-05-27 20:12:39
467,25,200737293322990,Tips Films,Studio,2014-05-27 14:43:44
468,25,156071357820655,Rang De Basanti,Movie,2011-10-17 22:21:41
469,25,109732729044798,Ajay Devgan,Public figure,2010-05-29 20:02:07
470,25,104060369629116,Ghilli,Movie,2010-05-27 20:12:40
471,25,334718749959224,Filmygyan,Entertainer,2014-06-19 09:17:13
472,25,112364185443073,EuroTrip,Movie,2010-05-27 20:12:39
473,25,221382681385522,Harry and the Hendersons,Movie,2014-02-11 06:22:21
474,25,103143706391840,Thillu Mullu,Movie,2013-05-16 13:47:24
475,25,186549644709722,"The Robert Langdon Series (Inferno, Da Vinci Code, Angels and Demons)",Movie,2011-02-17 09:06:18
476,25,400024903412192,Pursuit of Happyness,Movie,2012-12-15 06:16:11
477,25,35141655804,"The Robert Langdon Series (Inferno, Da Vinci Code, Angels and Demons)",Movie,2010-08-17 22:35:49
478,25,175282252538080,Pacific Rim,Movie,2014-07-01 08:44:18
479,25,169949339748979,Die Hard,Movie,2011-08-31 23:21:40
480,25,142731419158626,The LEGO Movie,Movie,2014-10-28 05:11:10
481,25,112538235424190,Bean,Movie,2010-05-27 20:12:39
482,25,149945288434221,Lagaan,Movie,2011-10-17 23:48:00
483,25,107082065996112,Ajay Devgn,Public figure,2014-06-17 02:42:57
484,25,21963251331,Golmaal Returns,Movie,2010-05-27 20:12:38
485,25,108271955867852,Die Hard,Movie,2010-05-27 20:12:39
486,25,283666728334064,TEZZ,Movie,2012-04-01 21:43:36
487,25,105512426147990,Nayak,Movie,2010-05-27 20:12:38
488,25,126413847402680,Endhiran @ The Robot,Movie,2010-10-17 23:47:00
489,25,111722175514109,Chak de,Movie,2010-05-27 20:12:38
490,25,263263750378138,Style Apna Apna,Movie,2011-10-19 23:39:46
491,25,114433791902855,RHTDM,Movie,2010-12-08 12:42:36
492,25,115058325176059,Spiderman,Movie,2010-05-27 20:12:39
493,25,404582422917367,The Mask,Movie,2013-05-28 09:23:52
494,25,112034738814069,Sivaji,Movie,2010-05-27 20:12:36
495,25,762258853813277,The Legend of Bhagat Singh,Movie,2014-09-06 03:09:04
496,25,114097065267211,Megamind,Movie,2014-09-02 04:26:37
497,26,291804370970940,Dekhomaza,Media/news/publishing,2014-04-11 03:28:31
498,26,141423349216977,ISI LIFE MEIN...,Movie,2010-12-19 13:14:37
499,26,441170255909978,3 Idiots Movie,Movie,2012-05-22 18:34:51
500,26,111852145497871,Baby's Day Out,Movie,2010-11-02 15:34:06
501,26,254445913829,Pirates of the Caribbean,Movie,2010-12-07 18:51:02
502,26,39644305296,Fight Club,Movie,2010-12-18 22:41:28
503,26,94289470471,300,Movie,2010-12-18 22:40:40
504,26,12887942787,Batman: The Dark Knight,Movie,2010-12-18 22:39:25
505,26,64501422481,Harry Potter UK,Movie,2010-12-18 22:39:44
506,26,113871365290364,Kuch Kuch Hota Hai,Movie,2011-05-26 20:16:43
507,26,105881909441650,The Fast and the Furious Tokyo Drift,Tv,2011-12-17 06:34:28
508,26,364416517643,Faster,Movie,2010-12-18 22:41:11
509,26,10371116567,Wanted,Movie,2010-11-06 08:14:08
510,26,177374918011,Anjaana Anjaani,Movie,2013-08-07 02:58:16
511,26,166834386695758,Narnia Fans,Entertainment website,2013-05-29 02:03:13
512,26,12604171859,American Pie,Movie,2010-12-18 22:41:21
513,26,114614586199,Reliance Home Video & Games,Movie,2010-12-18 22:47:08
514,26,266404713448130,Katy Perry: Part Of Me Australia,Movie,2014-11-23 06:16:50
515,26,368278541524,The Other Guys,Movie,2010-12-18 22:41:04
516,26,38824164872,Dostana: Friendship,Movie,2010-12-18 22:40:23
517,26,91689589085,Saw,Movie,2010-12-18 22:39:31
518,26,24642632550,Nemo,Movie character,2010-12-18 22:41:31
519,26,357968882265,I Am a Legend,Movie,2010-09-27 06:44:52
520,26,105504132816737,Action Film,Movie genre,2010-12-18 11:31:37
521,26,168552943381,Eros Now,Entertainment website,2010-12-18 22:41:03
522,26,233266853464840,Dilwale Dulhania Le Jayenge - Official,Movie,2014-06-12 02:46:26
523,26,90822211254,Twilight - Norge,Movie,2010-12-18 22:40:14
524,26,7057882289,Iron Man,Movie,2010-09-27 06:44:52
525,26,329909013749416,Kuch Kuch Hota Hai,Movie,2012-06-01 12:11:59
526,26,138793027632,Paranormal Activity,Movie,2010-12-18 22:41:08
527,26,368938496503181,The Proposal,Movie,2012-06-02 01:44:38
528,26,11784025953,Disney,Company,2010-11-02 16:28:45
529,26,108425592515188,Wrong Turn,Movie,2011-02-23 19:59:41
530,26,129577537128630,Ice Age Movies,Movie,2014-08-19 08:12:34
531,26,599443926768444,Coupon Codes ?,Bar,2013-12-08 07:24:12
532,26,106224606081474,DDLJ,Movie,2010-12-18 22:35:24
533,26,263263750378138,Style Apna Apna,Movie,2012-05-17 22:33:45
534,26,359546648609,Twilihgt,Movie,2010-10-31 19:13:26
535,26,116078745080479,UDAAN,Movie,2010-12-18 22:40:07
536,26,107916792564575,Ghost Rider,Movie,2010-11-05 12:54:55
537,26,172855809560,A-Team Movie,Movie,2011-03-18 20:47:03
538,26,49468711223,DEV. D,Movie,2010-12-18 22:41:32
539,26,93563619387,Step Up Movie,Movie,2010-10-26 19:58:32
540,26,180774635291325,Transformers,Movie,2011-02-15 17:04:03
541,26,158077880872334,TEES MAR KHAN,Movie,2010-12-18 22:39:44
542,26,575174172583357,Jab We Met.,Movie,2014-12-03 00:40:15
543,26,296124063804815,Unite 4 India,Community,2014-03-09 14:25:37
544,26,10150112274840400,The Expendables,Movie,2010-12-18 22:40:00
545,26,101332606574117,The A-Team Movie - India,Movie,2010-12-18 22:41:15
546,26,105191147628,LOVE AAJ KAL,Fictional character,2010-12-18 22:39:41
547,26,159613727502110,Yenchi karma maraya,Movie,2013-06-13 00:22:56
548,26,103861706317411,3 Idiots,Movie,2010-10-29 16:22:15
549,26,205230812622,Robin Hood,Movie,2010-12-18 22:41:39
550,26,74089565764,The Hangover,Movie,2010-12-18 22:40:41
551,26,99792857339,Tron,Movie,2010-12-18 22:39:37
552,26,196269660400996,Wrong Turn,Movie,2011-02-28 07:08:43
553,26,24098842630,Fast & Furious,Movie,2010-12-18 22:36:50
554,26,224332791564,Rocky,Movie,2010-12-18 22:40:48
555,26,310751628788,Kites - The Movie,Movie,2011-09-30 01:44:18
556,26,141030725915435,Dabangg,Movie,2010-12-18 22:41:23
557,26,11215611028,"Monsters, Inc.",Movie,2010-12-18 22:41:48
558,26,732080270219287,Cro,Just for fun,2014-11-08 02:12:59
559,26,344460080577,The Sorcerer's Apprentice,Movie,2010-12-18 22:40:46
560,26,107881682567971,Camp Rock,Movie,2010-12-19 13:14:40
561,26,89589298188,bella & edward,Community,2010-12-18 22:39:56
562,26,139768329384777,Anjaana Anjaani,Movie,2010-10-10 11:19:29
563,26,140768975933362,The Chronicles of Narnia,Product/service,2013-06-01 06:05:13
564,26,599535946791376,Indian Cinema,Just for fun,2014-03-09 09:41:18
565,26,140564292643734,Anjaana Anjaani - Exclusive Fan Page,Movie,2010-11-01 18:40:09
566,26,355374000182,Shrek,Movie,2010-12-07 18:50:45
567,26,110949488916677,Knight and Day Movie ﾖ India,Movie,2010-12-18 22:40:27
568,26,118194755634,Up,Movie,2010-12-18 22:39:54
569,26,212216417436,The Lord of the Rings Trilogy,Movie,2010-12-18 22:41:48
570,26,112479652101124,Jab We Met,Movie,2013-08-07 15:29:45
571,26,17698811507,Prom Night,Movie,2010-10-05 06:41:08
572,26,123907767656960,Dabbang,Movie,2010-12-18 22:39:53
573,26,104770457523,DreamWorks Animation,Studio,2010-12-18 22:41:37
574,26,21963251331,Golmaal Returns,Movie,2010-12-18 22:39:30
575,26,55200621163,2012,Movie,2010-12-18 22:40:50
576,26,15294801701,Finding Nemo,Movie,2010-12-18 22:40:33
577,26,417038868708,Resident Evil Movie,Movie,2010-12-18 22:40:30
578,26,107874835902610,American Pie,Movie,2011-04-22 15:02:49
579,26,58168456696,Team Twilight,Movie,2010-12-18 22:36:52
580,26,107495131625,Ramayana - The Epic,Food/beverages,2010-12-18 22:41:14
581,26,268817026482059,DCH Gang,Movie,2011-10-18 00:14:36
582,26,106464276401,Bollywood,Movie,2010-11-01 18:59:56
583,26,132271920181344,Murder 2,Movie,2011-07-20 02:14:26
584,26,91290503700,Inception,Movie,2010-11-05 12:55:48
585,26,35044734096,Beauty and the Beast,Movie,2010-12-18 22:40:24
586,26,334718749959224,Filmygyan,Entertainer,2014-04-11 02:45:27
587,26,630282777026851,Filmy Mantra,Media/news/publishing,2014-07-19 09:49:22
588,26,82771544063,Avatar,Movie,2013-09-13 20:31:47
589,26,79203305680,17 Again,Movie,2010-12-18 22:41:29
590,26,35312278675,Bride Wars,Movie,2010-12-18 22:40:45
591,26,651420214971529,Honda Civic Lovers,Cars,2014-10-13 20:07:55
592,26,109469405746262,Comedy,Book genre,2010-12-18 19:28:32
593,26,36193850318,What Happens In Vegas,Movie,2010-12-18 22:39:57
594,26,190107757674768,Ghost Rider,Movie,2011-02-17 07:44:37
595,26,114097065267211,Megamind,Movie,2010-12-18 22:41:16
596,26,171623547203,Salt,Movie,2010-12-18 22:39:42
597,27,233266853464840,Dilwale Dulhania Le Jayenge - Official,Movie,2014-06-11 21:21:57
598,27,334718749959224,Filmygyan,Entertainer,2014-06-19 09:33:28
599,27,106224606081474,DDLJ,Movie,2012-10-09 19:59:35
600,27,12393266550,The Lion King,Movie,2012-12-15 23:01:16
601,27,329909013749416,Kuch Kuch Hota Hai,Movie,2012-11-25 01:07:00
602,27,56368119740,Captain Jack Sparrow,Movie character,2012-10-09 20:07:32
603,29,268817026482059,DCH Gang,Movie,2011-10-17 22:06:16
604,29,112283345453679,A Tale of Two Sisters,Movie,2013-01-18 02:16:27
605,29,170661939628959,Cowboys and Aliens,Movie,2013-01-23 23:43:04
606,29,195843020454275,The Matrix,Movie,2011-06-18 00:48:02
607,29,173267266185286,Ranjhaana,Movie,2014-03-04 00:05:14
608,29,74089565764,The Hangover,Movie,2010-07-14 13:09:13
609,29,310751628788,Kites - The Movie,Movie,2010-05-26 18:50:02
610,31,264123777084953,Gandhi Class Films,Movie,2014-01-29 08:53:04
611,31,112317682114594,A Beautiful Mind,Movie,2010-07-02 12:31:21
612,31,112810742067302,Twelve Angry Men,Movie,2012-05-20 16:21:52
613,31,103636093053996,The Shawshank Redemption,Movie,2012-11-21 06:20:07
614,31,141565022716123,Ulidavaru Kandante,Movie,2013-12-07 14:22:36
615,31,296709770344835,Swades: We the People,Movie,2012-10-02 11:37:54
616,31,217008138317240,Braveheart,Movie,2012-07-06 00:13:10
617,31,400024903412192,Pursuit of Happyness,Movie,2014-03-31 09:39:50
618,31,1436291186648220,Chilli Paneer,Movie,2014-10-12 11:19:18
619,31,106527789383680,Shawshank Redemption,Movie,2010-07-02 12:31:21
620,31,349463941808618,Director's Rare,Studio,2013-09-01 22:04:57
621,31,544555698971524,Savaari 2,Movie,2014-04-12 00:55:50
622,32,188498867830970,Mack,Movie character,2013-08-06 18:47:34
623,33,1437048216516220,Movies Funny Mistakes,Movie,2013-11-12 08:59:14
624,33,165765266808357,Bruce Almighty,Movie,2014-08-28 05:04:31
625,33,598075903556248,The Viva -Short Film,Community,2013-10-24 08:42:02
626,33,677983615620752,Kick 2,Movie,2014-08-21 19:07:05
627,33,240091396177632,Race Gurram,Movie,2014-05-06 22:38:25
628,33,152542051476998,A Walk To Remember,Movie,2013-10-06 07:23:59
629,33,320561624692023,2 States Movie,Movie,2014-04-17 23:03:36
630,33,162936223795683,Jump Street Movies,Movie,2012-07-29 17:46:58
631,33,823915064289809,Manam,Movie,2014-05-22 08:44:21
632,33,141244825940013,Yem Maya Chesave,Movie,2013-11-08 07:49:14
633,33,494219247258520,Now You See Me,Movie,2014-08-25 19:06:24
634,33,164971330224244,Ace Ventura: Pet Detective,Movie,2014-08-28 05:05:22
635,34,118044381262,The Adjustment Bureau,Movie,2011-10-09 07:36:57
636,34,88756821652,My Sister's Keeper,Movie,2011-08-17 02:48:14
637,34,260587207380623,Simple aagond love story,Movie,2013-01-05 07:08:21
638,34,112307548787991,Aparichit,Movie,2011-01-10 13:21:08
639,34,377296795725017,1-Nenokkadine,Movie,2014-01-04 08:36:26
640,34,209288649109233,Taken,Movie,2011-06-29 21:54:08
641,34,361051343958874,English Vinglish,Movie,2012-10-14 23:22:04
642,34,229072640462635,We Bought A Zoo,Movie,2013-03-27 02:39:16
643,34,181894861866102,MoneyBall,Movie,2012-07-05 19:54:42
644,34,421984441156474,Yaare Koogadali,Movie,2013-01-03 22:36:02
645,34,159960270779699,Kahaani,Movie,2012-04-22 20:36:48
646,34,105470019486964,The Fugitive,Movie,2011-06-14 00:53:20
647,34,111265985564033,Dispicable Me,Movie,2011-06-29 21:54:09
648,34,104880924318,The Blind Side,Movie,2011-01-10 13:21:08
649,34,216604105176167,Rudhramadevi,Movie,2014-11-07 19:42:08
650,34,103636093053996,The Shawshank Redemption,Movie,2012-11-21 01:46:13
651,34,105536442813080,Prithvi (actor),Public figure,2011-01-10 13:21:08
652,34,104122822958141,Troy,Movie,2011-01-10 13:21:08
653,34,106527789383680,Shawshank Redemption,Movie,2011-01-10 13:21:04
654,34,109485392411084,Braveheart,Movie,2011-07-18 00:26:25
655,34,185251164859923,50/50,Movie,2012-07-18 02:13:21
656,34,157727494278571,Dookudu,Movie,2011-09-27 00:00:24
657,34,103131766394504,Seven,Movie,2011-01-10 13:21:05
658,34,599055856788775,Interstellar Movie,Movie,2014-10-02 11:36:31
659,34,516792305097905,Aagadu,Movie,2014-07-11 22:59:02
660,34,256816104332780,Paramathma,Movie,2011-09-03 21:41:07
661,34,379595285502856,LUCIA Kannada Movie,Movie,2013-09-21 22:28:44
662,34,193262427361112,Eega,Movie,2012-07-14 06:21:49
663,34,334080113038,You Have Got Mail,Movie,2011-01-10 13:21:05
664,34,118566258212258,Gabbar Singh - The Movie,Movie,2012-05-14 01:43:17
665,34,59386114427,Harry Potter and the Deathly Hallows,Movie,2011-08-11 23:04:40
666,34,352863808101325,Kabhi Khushi Kabhie Gham,Movie,2012-06-13 12:14:26
667,34,112366608775089,Sleepless in Seattle,Movie,2011-01-10 13:21:06
668,34,175613445822691,The Last Samurai,Movie,2011-06-02 07:13:56
669,34,104097126293168,Vikramarkudu,Movie,2011-01-10 13:21:07
670,34,111123668925531,The King's Speech (2010),Movie,2011-01-27 18:11:42
671,34,116078745080479,UDAAN,Movie,2011-01-26 17:46:50
672,34,664301420344334,C10 H14 N2 - The Film,Movie,2014-10-30 14:36:55
673,34,251353808252087,A Beautiful Mind,Movie,2011-11-27 01:10:57
674,34,104059546297585,Forrest Gump,Movie,2011-01-10 13:21:05
675,34,141565022716123,Ulidavaru Kandante,Movie,2013-12-08 22:55:43
676,34,104086482961417,King Arthur,Movie,2011-01-10 13:21:09
677,34,400024903412192,Pursuit of Happyness,Movie,2012-12-15 02:42:18
678,34,105605632805640,Top Gun,Movie,2011-01-10 13:21:06
679,34,206190329408695,Seven,Movie,2011-06-02 04:58:25
680,34,160640653979986,The Social Network Movie,Movie,2011-01-12 21:04:24
681,34,231854723671538,Lingaa The Movie,Movie,2014-11-03 21:43:36
682,34,103990509636346,Lakshya,Movie,2011-01-10 13:21:08
683,34,164901300265427,Filmydhoom,Movie,2011-10-17 22:09:30
684,34,180043722113662,The Fugitive,Movie,2012-04-21 14:40:11
685,34,266350353379883,James Bond 007,Movie,2011-11-04 19:16:19
686,34,108027419225780,A League of Their Own,Movie,2011-01-10 13:21:06
687,34,158011764244940,Aarakshan,Arts/entertainment/nightlife,2011-08-24 22:55:51
688,34,159926510718904,Eega,Movie,2011-03-18 00:32:54
689,34,407617302597394,You've Got Mail,Movie,2012-04-24 11:22:31
690,34,213962788626467,Dookudu Movie,Movie,2011-06-19 00:33:19
691,34,105460422821089,The Social Network,Movie,2011-01-10 13:21:09
692,34,240091396177632,Race Gurram,Movie,2014-04-11 23:55:05
693,34,111514525531942,Kabhi Khushi Kabhie Gham...,Movie,2011-01-10 13:21:05
694,34,122250554547048,Anna Bond,Movie,2012-04-07 23:45:38
695,34,217008138317240,Braveheart,Movie,2011-08-20 21:11:11
696,34,258270974296811,Mr. Perfect,Community,2014-09-19 07:06:12
697,34,212526758758843,The Green Mile,Movie,2011-05-18 22:04:12
698,34,114198018660591,Troy,Movie,2011-05-18 10:29:35
699,34,177418842390091,Mahesh Babu Fans,Actor/director,2012-12-17 17:36:48
700,34,123319517682304,"Toy Story 1,2,3",Movie,2011-12-17 03:55:02
701,34,96698020019,How to Train Your Dragon,Movie,2011-07-16 14:11:10
702,34,333947133368713,A league of their own movie,Movie,2012-09-22 10:40:26
703,34,153547144662942,Rockstar,Movie,2012-03-30 16:01:11
704,34,104052522965312,Gladiator,Movie,
705,34,487650687921802,Big,Movie,2012-11-10 04:23:20
706,34,118194755634,Up,Movie,2011-01-10 13:21:09
707,34,367504573341750,Baahubali,Movie,2013-09-03 15:52:00
708,34,106181949413714,The Green Mile,Movie,2011-01-10 13:21:04
709,34,24320032015,Dhingana.com,Movie,2013-11-12 16:18:51
710,34,112090277160,Invictus,Movie,2011-01-10 13:21:07
711,34,163661516996973,I Am Kalam,Movie,2011-08-26 21:58:37
712,34,15294801701,Finding Nemo,Movie,2011-08-11 23:04:40
713,34,204430826236406,Top Gun,Movie,2011-06-15 11:00:57
714,34,112317682114594,A Beautiful Mind,Movie,2013-08-08 03:26:04
715,34,139101062795741,Arasu,Movie,2011-01-10 13:21:09
716,34,229197930430239,Gladiator,Movie,2011-06-08 12:56:46
717,34,363449543674249,Cameraman Ganga tho Rambabu,Movie,2012-10-25 23:07:54
718,34,177346428969371,Mr. Perfect,Movie,2011-05-05 17:59:35
719,34,684050578278994,Mythri,Movie,2013-07-07 18:42:59
720,34,91290503700,Inception,Movie,2011-01-10 13:21:08
721,34,443290199085101,Ninnindhale,Movie,2014-01-14 19:57:20
722,34,107963759231744,S.W.A.T.,Movie,2011-07-16 14:11:10
723,34,175880028019,Hachiko,Movie,2012-02-01 22:53:39
724,34,11471355815,Forrest Gump,Movie,2011-07-14 22:16:31
725,34,167355423295471,Anna Bond,Movie,2011-03-18 00:35:47
726,34,108121322549934,The Terminal,Movie,2011-01-10 13:21:06
727,34,113083312038596,The Last Samurai,Movie,2011-01-10 13:21:09
728,34,225034700870481,The Dark Knight Rises,Movie,2012-07-24 23:32:20
729,34,143355589168568,Sleepless in Seattle,Movie,2013-03-28 10:10:22
730,34,106790752755541,SuperstarDookudu,Movie,2011-09-30 19:10:04
731,34,108528755838983,Big,Movie,2011-01-10 13:21:06
732,34,335440124844,Jackie - Kannada Movie,Movie,2010-10-13 17:37:47
733,34,112953722051052,You've Got Mail,Movie,2011-04-19 02:03:07
734,34,102808639755615,A Few Good Men,Movie,2011-04-16 11:01:01
735,34,38541912239,The Ultimate Gift,Movie,2013-09-22 09:00:52
736,34,113107872036931,Pokiri,Movie,2011-01-10 13:21:07
737,35,217535871705585,Ship Of Theseus,Movie,2013-09-01 22:04:30
738,35,118843458195668,A Clockwork Orange,Movie,2012-06-24 22:08:22
739,35,295412547167061,Vertigo,Movie,2011-12-23 08:11:50
740,35,106301932742146,Sunrise (film),Movie,2012-06-24 22:08:54
741,35,152963801440472,Gangs of Wasseypur,Movie,2012-06-24 22:02:05
742,35,129628777110156,Taxi Driver,Movie,2012-06-24 22:08:37
743,35,105084362922372,Citizen Kane,Movie,2011-07-22 18:27:17
744,35,112664832082295,Bande � part,Movie,2012-08-14 17:38:07
745,35,110763222281251,Apu Trilogy,Movie,2010-10-29 11:13:14
746,35,216459211764969,Creating Freedom,Movie,2014-09-23 20:35:11
747,35,112842988801190,Pulp Fiction,Movie,2012-08-14 17:38:37
748,35,104042212965641,The Great Dictator,Movie,2012-06-24 22:10:13
749,35,108299665865452,Breathless,Movie,2010-10-29 11:13:14
750,35,25226688839,"SYNECDOCHE, NEW YORK",Movie,2014-04-15 00:57:58
751,35,256579547867364,Rashomon Movie,Movie,2014-07-31 20:52:52
752,35,109517572408757,The Gold Rush,Movie,2010-10-29 11:13:12
753,35,105451992821123,Persona,Movie,2012-06-24 22:03:58
754,35,109504635734027,Dr. Strangelove,Movie,2012-01-07 17:59:22
755,35,202396106505502,Schindler's List,Movie,2012-06-24 22:05:31
756,35,613802172073921,Dr. Strangelove,Movie,2014-07-31 21:02:59
757,35,428935637123395,The Graduate,Movie,2012-06-24 22:07:31
758,35,107996162562076,Pyaasa,Movie,2012-11-05 00:45:01
759,35,112576732087662,Citizen Kane,Movie,2010-10-29 11:13:13
760,35,35481394342,The Godfather,Movie,2010-10-29 11:13:13
761,35,112920485385686,Aranyer Din Ratri,Movie,2012-01-07 17:54:33
762,35,1455860877999710,Seven Samurai Movie,Movie,2014-07-31 20:43:52
763,35,120599328027856,City of God,Movie,2011-07-08 06:15:36
764,35,105480359485314,Ikiru,Movie,2012-06-24 22:04:14
765,35,112346128781130,Psycho (1960 film),Movie,2012-06-24 22:06:17
766,35,1538487543031010,The Great Dictator Movie,Movie,2014-07-31 20:50:09
767,35,109408762418735,Hazaaron Khwaishein Aisi,Movie,2010-12-16 23:05:26
768,35,112442825437564,Meghe Dhaka Tara,Movie,2012-01-07 17:54:32
769,35,117179321625569,8ﾽ,Movie,2012-03-30 23:09:50
770,35,400507983311138,2001: A Space Odyssey,Movie,2012-04-24 06:22:44
771,35,107857815910627,Harakiri,Movie,2010-10-29 11:13:12
772,35,161604803891265,The Big Lebowski,Movie,2012-06-24 22:28:56
773,35,105461739486971,Om-Dar-Ba-Dar,Movie,2010-10-29 11:13:13
774,35,105564736143780,Seven Samurai,Movie,2010-10-29 11:13:14
775,35,112072878809010,The Rules of the Game,Movie,2012-06-24 22:05:11
776,35,316898581689541,A Streetcar Named Desire,Movie,2012-02-25 01:03:26
777,35,108077849220878,Charulata,Movie,2010-10-29 11:13:13
778,35,189851214446135,Fargo,Movie,2012-06-24 22:29:13
779,35,108126662542774,Rashomon,Movie,2010-10-29 11:13:12
780,35,108299702523996,2001: A Space Odyssey,Movie,2010-10-29 11:13:12
781,35,112092662137251,The Motorcycle Diaries,Movie,2012-03-30 23:09:52
782,35,111554212195879,Garam Hawa,Movie,2013-03-20 20:32:38
783,36,535789343158237,LUCIA - kannada MEMES,Movie,2013-09-08 13:36:31
784,36,109646279061223,A Walk to Remember,Movie,
785,36,112317682114594,A Beautiful Mind,Movie,2013-08-07 03:16:15
786,36,103780266327890,One Flew Over the Cuckoo's Nest,Movie,2012-10-07 21:05:37
787,36,158011764244940,Aarakshan,Arts/entertainment/nightlife,2011-08-28 19:19:27
788,36,103779536327591,The Number 23,Movie,2010-05-03 22:11:35
789,36,309680635765274,One Flew Over The Cuckoo's Nest,Movie,2014-02-15 06:32:35
790,36,374395361070,Vinnaithandi Varuvaya...its really make me crazy..,Movie,2010-05-26 20:39:52
791,36,546225862145538,The Illusionist,Movie,2014-10-08 13:07:17
792,36,220637254632511,404,Movie,2012-02-24 22:24:58
793,36,110384152315286,Silence Of The Lambs,Interest,2010-06-06 23:58:49
794,36,91290503700,Inception,Movie,2011-05-14 19:25:46
795,36,394699480546190,Project Lucia,Movie,2012-06-24 20:58:44
796,36,202781966460833,Donnie Darko,Movie,2011-10-28 22:43:59
797,36,96698020019,How to Train Your Dragon,Movie,2011-08-27 23:19:50
798,36,251353808252087,A Beautiful Mind,Movie,2011-11-27 09:11:49
799,36,78414982165,Law Abiding Citizen,Movie,2010-05-09 22:59:45
800,36,106602966061813,Black Swan,Movie,2011-05-14 19:24:54
801,36,112854815395363,The Illusionist,Movie,2010-06-11 23:07:51
802,36,166917970030242,The Silence Of The Lambs,Movie,2012-01-21 17:00:31
803,36,61821447607,If Only,Movie,2011-09-08 23:17:51
804,36,152542051476998,A Walk To Remember,Movie,2011-05-18 13:16:18
805,36,139195819664,Prince of Persia: The Sands of Time,Movie,2010-06-03 08:02:55
806,36,108467085845230,The Orphanage,Movie,2010-06-06 23:55:31
807,36,1374238589472730,The Fault in Our Stars,Movie,2014-09-07 19:04:44
808,36,109387229079705,Death Note,Movie,2010-05-03 22:12:07
809,36,303842409667419,The Orphanage,Movie,2012-01-21 05:07:41
810,36,108408625843957,The Help Movie,Movie,2012-05-20 13:51:49
811,37,138231202858071,Dirt Track Productions,Producer,2010-12-14 15:57:30
812,37,797479390314301,Bhaya - A Psychological Thriller.,Movie,2014-12-05 09:19:14
813,39,107629399260396,The Terminator,Movie,2011-02-09 12:02:26
814,39,195843020454275,The Matrix,Movie,2011-05-19 00:12:58
815,39,113401482006986,The Matrix,Movie,
816,39,216410885045047,Titanic,Movie,2013-11-06 10:45:08
817,39,103990509637581,The Lord of the Rings film trilogy,Movie,2011-02-09 12:02:26
818,39,259449074230732,Total Siyapaa,Movie,2014-03-22 08:18:16
819,39,599055856788775,Interstellar Movie,Movie,2014-11-10 09:30:30
820,39,82771544063,Avatar,Movie,2011-07-06 11:26:15
821,39,212216417436,The Lord of the Rings Trilogy,Movie,2011-03-03 01:30:49
822,42,109646279061223,A Walk to Remember,Movie,
823,42,145179782170423,SE7EN,Musician/band,
824,42,134229524276,Donald Duck,Fictional character,2010-10-09 19:30:24
825,42,166665812477,Grown Ups,Movie,2011-04-30 15:51:55
826,42,204519969569580,Pyar Ka Punchnama,Movie,2011-07-01 17:03:44
827,42,7057882289,Iron Man,Movie,2011-03-08 11:49:29
828,42,104093616294591,Pearl Harbor,Movie,2010-09-01 17:56:56
829,42,94289470471,300,Movie,2010-08-09 23:22:00
830,42,268817026482059,DCH Gang,Movie,2011-10-17 21:38:51
831,42,155500771155561,The Rite,Movie,2011-04-30 15:51:36
832,42,91290503700,Inception,Movie,2011-04-17 12:21:19
833,42,114198018660591,Troy,Movie,2011-05-19 00:51:22
834,42,109887225704185,October Sky,Movie,2011-01-03 17:31:46
835,42,104122822958141,Troy,Movie,2011-05-17 20:25:27
836,42,373820575985089,The Lake House,Movie,2012-04-26 00:02:25
837,42,108213189199750,P.S. I Love You,Movie,2010-07-19 23:56:25
838,42,176228295759291,Zindagi Na Milegi Dobara,Movie,2011-08-04 18:02:03
839,42,145338632166658,127 Hours,Movie,2011-04-12 23:51:17
840,42,116203018390242,Se7en,Movie,2011-09-18 12:07:39
841,42,152542051476998,A Walk To Remember,Movie,2011-05-19 03:51:50
842,42,160640653979986,The Social Network Movie,Movie,2011-03-18 22:52:41
843,42,139195819664,Prince of Persia: The Sands of Time,Movie,2011-03-08 11:49:05
844,42,104076482962707,13 Going on 30,Movie,2011-04-30 15:53:22
845,42,105798369452610,The Lake House,Movie,2011-05-30 00:32:22
846,42,106545012716615,Kal Ho Na Ho,Movie,2013-08-07 02:46:10
847,43,12887942787,Batman: The Dark Knight,Movie,2014-12-08 01:47:29
848,43,216410885045047,Titanic,Movie,2014-12-08 01:47:09
849,43,263903657057997,Guardians of the Galaxy,Movie,2014-12-08 01:47:51
850,45,111002812257390,Namaste London,Movie,2010-11-07 17:58:58
851,45,163143140362756,Don 2,Movie,2011-12-28 18:08:09
852,45,12604171859,American Pie,Movie,2010-11-15 23:22:31
853,45,441170255909978,3 Idiots Movie,Movie,2012-05-11 20:22:29
854,45,10498014129,Toy Story,Movie,2011-05-03 14:55:24
855,45,147659725295525,Delhi Belly,Movie,2011-07-02 22:46:45
856,45,55200621163,2012,Movie,2011-05-03 14:53:06
857,45,355374000182,Shrek,Movie,2011-05-03 14:52:51
858,45,5902609978,National Treasure: Book of Secrets,Movie,2011-02-06 19:51:50
859,45,377974712248570,Hello London,Movie,2012-05-17 04:25:03
860,45,18128947058,Kung Fu Panda,Movie,2011-01-26 20:52:56
861,45,108064815881447,Transformers,Movie,2011-05-03 14:53:13
862,45,180774635291325,Transformers,Movie,2011-05-03 14:53:17
863,46,1482270528702340,Dil Chahta Hai,Community,2014-09-17 22:25:12
864,46,268817026482059,DCH Gang,Movie,2012-05-18 00:03:57
865,46,152542051476998,A Walk To Remember,Movie,2013-06-27 08:01:54
866,46,103117456395835,Dil Chahta Hai,Movie,2013-08-07 17:00:11
867,46,251353808252087,A Beautiful Mind,Movie,2013-06-27 08:00:40
868,46,17377140236,Ratatouille,Movie,2013-07-01 01:17:14
869,46,487680604610929,The Usual Suspects,Movie,2013-02-03 01:37:48
870,46,124703400953760,The Departed,Movie,2013-06-27 08:05:31
871,46,296709770344835,Swades: We the People,Movie,2013-02-03 01:37:54
872,46,797377790313404,Jassy sekhon,Public figure,2014-09-16 21:26:46
873,46,108132462548163,The Usual Suspects,Movie,2013-07-04 00:54:35
874,46,112842988801190,Pulp Fiction,Movie,2013-06-27 08:06:59
875,48,263263750378138,Style Apna Apna,Movie,2012-05-18 02:46:00
876,48,268817026482059,DCH Gang,Movie,2011-10-17 23:10:45
877,48,407889375958236,The Avengers 2,Movie,2013-08-04 18:19:10
878,49,1490121737878310,Official: Hitman,Movie,2014-04-23 03:31:59
879,49,109646279061223,A Walk to Remember,Movie,2010-05-09 23:03:46
880,49,104082752960421,Andaz Apna Apna,Movie,2010-05-09 23:03:46
881,49,107563339266863,The Notebook,Movie,2010-05-09 23:03:46
882,49,103987119637684,Hitman,Movie,2010-05-09 23:03:46
883,49,263263750378138,Style Apna Apna,Movie,2011-10-19 21:14:16
884,49,337250619661093,Kevi Rite Jaish,Movie,2012-05-04 21:51:05
885,49,103788099660327,Snatch,Movie,2010-05-09 23:03:46
886,49,162629997121827,Snatch,Movie,2011-02-17 18:52:23
887,50,109164925768622,Chak De! India,Movie,2011-04-11 02:00:08
888,50,379023768887434,Chak De India - Movie,Movie,2013-08-15 10:29:18
889,50,108102479218358,A Wednesday!,Movie,2011-04-11 02:00:08
890,50,377974712248570,Hello London,Movie,2012-05-17 02:49:08
891,50,111002812257390,Namaste London,Movie,2011-04-11 02:00:08
892,51,272572529547417,Karthikeya,Movie,2014-10-27 01:12:51
893,51,154132781425607,Big Hero 6,Movie,2014-10-27 06:22:10
894,52,317391334952902,King Kong,Movie,2011-12-23 08:04:27
895,52,106298779407763,Old Boy,Movie,2011-01-09 20:40:50
896,52,368734526546489,SNITCH,Movie,2013-01-19 17:32:05
897,52,108173215878011,Memento,Movie,2011-01-09 20:40:50
898,52,108227605872802,The Island,Movie,2010-10-06 14:02:17
899,52,39644305296,Fight Club,Movie,2014-11-15 18:02:09
900,52,209288649109233,Taken,Movie,2011-11-16 12:34:52
901,52,307071596057200,Run Baby Run(2012),Movie,2012-09-20 06:59:07
902,52,12887942787,Batman: The Dark Knight,Movie,2014-11-15 18:02:05
903,52,108129905888537,Matrix trilogy,Movie,2010-05-11 21:45:36
904,52,112944652052578,Appleseed,Movie,2010-05-11 21:45:36
905,52,285128358275044,Memento,Movie,2012-11-29 09:08:22
906,52,112241738862440,Minority Report,Movie,2011-11-08 01:19:30
907,52,228192180530905,The Island,Movie,2011-06-18 09:57:23
908,52,108660232498056,Leon The Professional,Movie,2011-11-16 12:34:52
909,52,112918008719378,The Prestige,Movie,2010-10-06 14:02:18
910,52,91290503700,Inception,Movie,2010-10-06 14:02:18
911,52,114198018660591,Troy,Movie,2011-05-18 03:13:40
912,52,106113192869815,India Film Project,Movie,2013-08-29 20:21:30
913,52,175668832485810,Blood Diamond,Movie,2012-07-04 09:39:04
914,52,108542005836710,88 Minutes,Movie,2010-05-11 21:45:36
915,52,139672532931,Appleseed,Tv show,2014-03-27 21:56:15
916,52,224790800866426,Collateral,Movie,2011-06-03 08:57:25
917,52,219769748046121,88 Minutes,Movie,2011-06-21 22:13:28
918,52,104159279619147,Collateral,Movie,2010-10-06 14:02:18
919,52,225034700870481,The Dark Knight Rises,Movie,2012-06-10 06:08:40
920,52,149987285180349,Ugly,Movie,2013-09-17 13:20:34
921,52,104122822958141,Troy,Movie,2010-05-11 21:45:36
922,52,105618956138236,King Kong,Interest,2010-05-11 21:45:36
923,52,797290310335339,The Prestige,Movie,2014-07-31 21:17:26
924,52,295822713855891,Ayalum Njanum Thammil(2012),Movie,2012-11-22 16:38:05
925,52,243645259169395,Batman v Superman: Dawn of Justice,Movie,2014-07-26 21:05:46
926,52,151996474989851,CAMEL Safari,Movie,2013-07-23 20:54:15
927,52,108250235865333,Minority Report,Movie,2010-10-06 14:02:17
928,52,599055856788775,Interstellar Movie,Movie,2014-05-15 09:07:26
929,52,303366853089590,Filmychowk,News/media website,2012-06-07 19:52:07
930,52,105610132806838,Con Air,Movie,2010-10-06 14:02:18
931,52,156794164312,Harry Potter,Movie,2011-07-15 09:59:35
932,53,12887942787,Batman: The Dark Knight,Movie,2011-05-29 11:03:08
933,53,112317682114594,A Beautiful Mind,Movie,2013-08-07 23:06:37
934,53,229197930430239,Gladiator,Movie,2011-06-09 03:25:54
935,53,115549118459174,Illusionist,Movie,2011-05-14 14:19:01
936,53,334718749959224,Filmygyan,Entertainer,2014-06-19 08:23:07
937,53,298204870269976,Rang De Basanti,Movie,2013-07-15 15:01:36
938,53,109768365715377,The World Is Not Enough,Movie,2011-05-14 14:19:01
939,53,263263750378138,Style Apna Apna,Movie,2012-05-17 23:11:20
940,53,109436175750227,Catch Me If You Can,Movie,2010-09-22 21:20:32
941,53,104052522965312,Gladiator,Movie,
942,53,254445913829,Pirates of the Caribbean,Movie,2011-05-29 11:03:29
943,53,39644305296,Fight Club,Movie,2011-05-14 14:19:01
944,53,189231947796149,Catch Me If You Can,Movie,2011-07-01 02:33:58
945,54,277865635629788,Ajab Prem Ki Ghazab Kahani,Movie,2012-05-10 03:01:41
946,54,441170255909978,3 Idiots Movie,Movie,2012-05-22 03:41:56
947,55,229197930430239,Gladiator,Movie,2011-09-04 17:52:20
948,55,443799305659632,I - Vikram Movie,Movie,2014-09-18 13:16:46
949,55,221014724730122,6-5=2,Movie,2013-11-19 20:41:51
950,55,797479390314301,Bhaya - A Psychological Thriller.,Movie,2014-12-04 20:44:54
951,55,114097065267211,Megamind,Movie,2011-05-21 21:19:40
952,55,664301420344334,C10 H14 N2 - The Film,Movie,2014-11-12 12:45:19
953,55,260587207380623,Simple aagond love story,Movie,2013-03-15 21:42:27
954,55,285128358275044,Memento,Movie,2012-11-29 06:01:22
955,55,184695207750,The Karate Kid,Movie,2014-08-28 11:51:11
956,55,144773458899435,RBSI -  Rajini Biggest Superstar Of India - RBSI,Public figure,2011-12-15 09:41:35
957,55,263263750378138,Style Apna Apna,Movie,2012-05-18 01:22:39
958,55,363382937057017,Sakkare,Movie,2012-11-18 21:53:36
959,55,50186143870,Earthlings,Movie,2014-10-16 13:05:04
960,55,394699480546190,Project Lucia,Movie,2012-03-05 12:53:48
961,55,108173215878011,Memento,Movie,2010-04-29 19:40:06
962,55,737979219596107,First Rank Raju,Movie,2014-07-30 14:46:04
963,55,389057127870399,Creative kanasu,Movie,2014-02-16 10:25:33
964,32,154377211287075,Kung Fu Panda 2,Movie,2014-12-08 20:50:56
965,32,108187262608717,Django Unchained,Movie,2014-12-08 20:48:02
966,32,599055856788775,Interstellar Movie,Movie,2014-12-08 20:48:34
967,32,132294760114,Shutter Island,Movie,2014-12-08 20:48:19
968,32,91290503700,Inception,Movie,2014-12-08 20:48:28
969,32,379595285502856,LUCIA Kannada Movie,Movie,2014-12-08 20:51:32
970,56,230262937031656,"Jaane Tu, Jaane Na",Movie,2012-01-26 18:07:24
971,56,112529185429344,A Lot Like Love,Movie,2012-06-11 06:37:10
972,56,276563165697438,Eclipse,Movie,2012-01-26 18:07:55
973,56,131163930317669,TZP,Movie,2012-01-26 18:08:01
974,56,150458898489106,Veer-Zaara Official,Movie,2013-08-15 00:53:20
975,56,152542051476998,A Walk To Remember,Movie,2012-03-01 03:02:50
976,56,640027462696866,Mohabbatein - Official,Movie,2013-08-15 13:23:59
977,56,216410885045047,Titanic,Movie,2012-01-31 00:04:25
978,56,152363076192,Cinderella,Movie,2012-01-26 18:07:27
979,56,268817026482059,DCH Gang,Movie,2012-01-26 18:08:07
980,56,335117769895306,Kal Ho Naa Ho,Movie,2013-01-25 05:53:06
981,56,91290503700,Inception,Movie,2010-08-12 22:19:22
982,56,12604171859,American Pie,Movie,2012-01-30 15:21:56
983,56,329909013749416,Kuch Kuch Hota Hai,Movie,2012-06-01 12:50:03
984,56,109691609057738,Never Back Down,Movie,2012-03-15 12:24:39
985,56,8526405673,The Twilight Saga,Movie,2012-07-02 00:18:19
986,56,156794164312,Harry Potter,Movie,2012-07-02 00:18:05
987,57,15294801701,Finding Nemo,Movie,2012-05-29 14:22:36
988,57,107575252605631,Bommarillu,Movie,2012-05-29 14:36:51
989,57,797479390314301,Bhaya - A Psychological Thriller.,Movie,2014-12-04 20:54:35
990,57,617892238300205,"Official: The Good, the Bad and the Ugly",Movie,2014-04-28 22:43:31
991,57,229197930430239,Gladiator,Movie,2012-07-26 01:34:12
992,57,111121877591,Despicable Me,Movie,2012-09-17 12:00:03
993,57,202396106505502,Schindler's List,Movie,2012-05-29 14:22:37
994,57,7057882289,Iron Man,Movie,2012-05-29 14:22:38
995,57,115965288417537,Finding private ryan,Movie,2012-05-29 14:22:35
996,57,156794164312,Harry Potter,Movie,2012-05-29 14:22:34
997,57,418142181581677,Shutter Island,Movie,2012-09-13 03:04:12
998,57,109601729065518,Kung Fu Panda 2: The Kaboom of Doom,Movie,2012-06-23 23:38:53
999,57,39644305296,Fight Club,Movie,2012-05-29 14:22:36
1000,57,309680635765274,One Flew Over The Cuckoo's Nest,Movie,2014-02-15 07:23:26
1001,57,96698020019,How to Train Your Dragon,Movie,2012-06-23 23:38:31
1002,57,12887942787,Batman: The Dark Knight,Movie,2012-05-29 14:22:38
1003,57,268817026482059,DCH Gang,Movie,2012-07-23 12:27:29
1004,57,108589339206174,Superbad,Movie,2014-11-26 00:05:42
1005,57,160617097307237,The Hobbit,Movie,2012-12-15 00:18:26
1006,57,118194755634,Up,Movie,2012-05-29 14:22:35
1007,57,136775446236,Winnie the Pooh,Movie,2012-07-25 11:19:33
1008,57,103780266327890,One Flew Over the Cuckoo's Nest,Movie,2012-05-29 14:22:37
1009,57,107999845895124,Star Wars,Movie,2012-06-24 22:40:06
1010,57,129577537128630,Ice Age Movies,Movie,2012-05-29 14:22:38
1011,57,195843020454275,The Matrix,Movie,2012-06-24 22:42:09
1012,57,112918008719378,The Prestige,Movie,2013-03-22 08:55:53
1013,57,166917970030242,The Silence Of The Lambs,Movie,2012-05-29 14:22:37
1014,57,797290310335339,The Prestige,Movie,2014-07-31 20:59:42
1015,57,449575835184743,"The Good, the Bad and the Ugly",Movie,2014-09-17 22:58:19
1016,57,114198018660591,Troy,Movie,2012-08-21 09:11:37
1017,57,18128947058,Kung Fu Panda,Movie,2012-05-29 14:22:38
1018,57,116078745080479,UDAAN,Movie,2012-12-05 21:58:05
1019,57,112176132131614,"The Good, the Bad and the Ugly",Movie,2012-05-29 14:22:36
1020,57,12393266550,The Lion King,Movie,2012-05-29 14:22:35
1021,57,50186143870,Earthlings,Movie,2012-06-25 12:10:49
1022,57,131163930317669,TZP,Movie,2013-06-12 23:36:59
1023,57,10498014129,Toy Story,Movie,2012-05-29 14:22:38
1024,57,167318246659648,The Perks of Being a Wallflower,Movie,2014-01-13 22:50:59
1025,57,104525012958754,American Gangster,Movie,2012-05-29 14:22:39
1026,57,225034700870481,The Dark Knight Rises,Movie,2012-06-30 23:02:41
1027,57,107495131625,Ramayana - The Epic,Food/beverages,2012-05-29 14:22:34
1028,57,103636093053996,The Shawshank Redemption,Movie,2012-05-29 14:22:35
1029,57,141565022716123,Ulidavaru Kandante,Movie,2013-12-10 18:50:20
1030,57,103744862998017,The Bourne Identity,Movie,2012-06-24 22:46:57
1031,57,309512609075283,Cast Away,Movie,2012-05-29 14:22:35
1032,57,111000418913884,The Wind Talkers,Movie,2012-05-29 14:22:35
1033,57,169299103121699,Star Wars,Movie,2012-08-31 16:54:06
1034,57,84213402434,Sherlock Holmes,Movie,2012-05-29 14:22:36
1035,57,35481394342,The Godfather,Movie,2012-07-26 01:33:56
1036,57,217155721634610,Wreck-It Ralph,Movie,2012-09-15 15:05:24
1037,57,212216417436,The Lord of the Rings Trilogy,Movie,2012-12-05 21:56:27
1038,57,176228295759291,Zindagi Na Milegi Dobara,Movie,2012-06-29 12:59:53
1039,57,246344278767961,Batman Begins,Movie,2012-05-29 14:22:38
1040,57,105458649488033,Happy Days,Movie,2012-06-25 08:26:19
1041,57,251353808252087,A Beautiful Mind,Movie,2012-06-25 08:37:11
1042,57,144959715764,Green Lantern (Movie),Movie,2012-06-23 23:39:05
1043,57,170700836293714,X-Men Movies,Movie,2012-07-26 01:34:03
1044,57,29349922628,WALLﾕE,Movie,2012-05-29 14:22:36
1045,57,45204739788,Public Enemies,Movie,2012-05-29 14:22:37
1046,57,139195819664,Prince of Persia: The Sands of Time,Movie,2012-06-25 08:37:17
1047,57,120204837994100,The Incredible Hulk (2008),Movie,2012-08-27 17:28:22
1048,57,17377140236,Ratatouille,Movie,2012-05-29 14:22:36
1049,57,149800431712088,Madagascar,Movie,2014-06-06 02:09:11
1050,57,111800142173259,Tare Zamee Par,Movie,2012-05-29 14:22:37
1051,57,104009669637043,Ridley Scott,Actor/director,2012-05-29 14:22:36
1052,57,24642632550,Nemo,Movie character,2013-03-22 08:55:46
1053,57,164901300265427,Filmydhoom,Movie,2012-08-29 00:06:11
1054,57,379595285502856,LUCIA Kannada Movie,Movie,2013-09-20 11:38:59
1055,57,149945288434221,Lagaan,Movie,2013-03-22 08:55:59
1056,57,270106119696186,Bourne,Movie,2012-06-24 22:45:01
1057,57,109568722402875,Hachiko: A Dog's Story,Movie,2012-06-24 22:46:50
1058,58,109469405746262,Comedy,Book genre,2011-02-20 03:31:34
1059,59,531866586890965,Bang Bang Movie,Movie,2014-09-28 12:26:09
1060,61,157251167711922,Free Movie Download,Movie,2012-01-11 11:12:51
1061,61,179568902145551,Luckplaying,Movie,2012-02-25 15:25:15
1062,61,349078801901731,KA The Movie,Movie,2014-01-16 00:01:49
1063,63,112694505411936,Bombay,Movie,2014-12-10 23:10:07
1064,64,105542759479267,The Proposal,Movie,2012-08-16 22:23:10
1065,64,152542051476998,A Walk To Remember,Movie,2012-08-15 12:06:34
1066,64,232430166854139,The Exorcist,Movie,2012-08-16 21:56:42
1067,64,251353808252087,A Beautiful Mind,Movie,2012-08-24 22:14:26
1068,64,216410885045047,Titanic,Movie,2012-08-16 21:56:53
1069,64,194040394023368,YE JO Mohabbat HAI,Movie,2013-08-02 04:44:04
1070,64,41872475652,The Ugly Truth,Movie,2012-08-15 12:06:42
